barcode,objectid,name,brand,categories,dateAdded,dateUpdated,manufacturer,ingredients,Energy_kcal,Protein_g,Saturated_fats_g,Fat_g,Carb_g,Fiber_g,Sugar_g,Calcium_mg,Iron_mg,Magnesium_mg,Phosphorus_mg,Potassium_mg,Sodium_mg,Zinc_mg,Copper_mcg,Manganese_mg,Selenium_mcg,VitC_mg,Thiamin_mg,Riboflavin_mg,Niacin_mg,VitB6_mg,Folate_mcg,VitB12_mcg,VitA_mcg,VitE_mg,VitD2_mcg
725177540363,29040,Simon Fischer Fruit Bttr Prune Lekvar,Simon Fischer,"Grocery & Gourmet Food,Food,Grocery",2017-01-07T20:13:17Z,2017-06-30T16:48:02Z,Sokol And Company,"Dried Prunes,Water,Corn Syrup,Sugar,Pectin.",717,0.85,51.368,81.11,0.06,0,0.06,24,0.02,2,24,24,643,0.09,0,0,1,0,0.005,0.034,0.042,0.003,3,0.17,684,2.32,0
725177540370,29041,McCORMICK GRILL MATES MOLASSES BACON SEASONING 1 x 77g JAR AMERICAN IMPORT,McCormick,"Grocery & Gourmet Food,Food,Grocery",2016-02-05T21:08:01Z,2017-04-12T13:54:04Z,"McCormick & Co, Inc","Salt,Sugar,Molasses (Refinery Syrup, Molasses, Caramel Color),Spices (Including Black Pepper),Garlic Onion,Tapioca Maltodextrin,Bacon Fat and Cooked Bacon (Cured with Water, Salt, Sodium Erythorbate, Sodium Nitrate),Silicon Dioxide (To Make Free Flowing),Autolyzed Yeast,Sunflower Oil,Corn Maltodextrin,Vinegar,Extractives of Paprika,and Natural Flavor (Including Smoke)",718,0.49,45.39,78.3,2.87,0,0.06,23,0.05,1,24,41,583,0.05,0.01,0.001,0,0,0.007,0.064,0.022,0.008,4,0.07,683,1.37,0
797776092321,29042,Jolly Time Popcorn,Jolly Time,"Grocery & Gourmet Food,Grocery",2014-02-18T01:51:23Z,2017-08-07T16:32:11Z,Reese's,"Salt, Yellow 5 Lake, Tricalcium Phosphate And Artificial Butter Flavor",876,0.28,61.924,99.48,0,0,0,4,0,0,3,5,2,0.01,0.001,0,0,0,0.001,0.005,0.003,0.001,0,0.01,840,2.8,0
701197194311,29043,Ziyad Tahini Sesame Sauce,Ziyad,"Grocery & Gourmet Food,grocery",2014-11-04T11:39:27Z,2017-09-04T05:10:37Z,Ziyad,"Mechanically hulled seasame seeds.Allergy Information: Packed in a facility that processes wheat, flour, peanuts and tree nuts.,Mechanically hulled seasame seeds.Allergy Information: Packed in a facility that processes wheat,flour,peanuts and tree nuts.",353,21.4,18.669,28.74,2.34,0,0.5,528,0.31,23,387,256,1146,2.66,0.04,0.009,14.5,0,0.029,0.382,1.016,0.166,36,1.22,198,0.25,0.5
797776110773,29044,Hero Fruit Sprd Blk Currant-12 Oz -pack of 8,Hero,"Food,Other Grocery,Grocery",2015-11-09T12:39:18Z,2016-08-04T03:54:09Z,"HERO, INC.","Red Raspberries,Sugar,Glucose Syrup,Citric Acid,Pectin. Contains: Wheat.",371,23.24,18.764,29.68,2.79,0,0.51,674,0.43,24,451,136,560,2.6,0.024,0.012,14.5,0,0.014,0.351,0.118,0.065,20,1.26,292,0.26,0.5
797776110797,29045,Simply Asia Noodle Bowl Mandarin Orange -- 8.5 oz,Simply Asia,"Grocery & Gourmet Food,Grocery",2014-02-18T01:53:26Z,2017-07-20T22:20:10Z,Simply Asia,"Noodles: wheat flour,water,wheat gluten,modified tapioca starch,salt,sodium alginate,lactic acid. Sauce packet: sugar,water,soy sauce (water, soybean, wheat, salt),plum sauce (plum juice, sugar, plum, water, licorice extract, citric acid, sodium citrate, salt, xanthan gum, caramel color),rice vinegar,pineapple juice concentrate,salt,hydrolyzed soy protein,tomato paste,modified corn starch,orange juice concentrate,onion,yeast extract,red chili pepper. Vegetable packet: ...",334,20.75,17.41,27.68,0.45,0,0.45,184,0.5,20,188,152,629,2.38,0.019,0.034,14.5,0,0.07,0.52,0.38,0.235,65,1.65,174,0.24,0.5
797776110803,29046,Italian Bread Crumbs,EMERIL S,"Food,Fresh Food,Grocery",2016-11-07T00:31:29Z,2016-11-07T00:31:29Z,"B&G Foods, Inc.","Wheat Flour,Soybean Oil,Salt,Dehydrated Garlic,Sugar,Onion Powder,Garlic Powder,Yeast,Spices. Contains: Wheat.",300,19.8,15.259,24.26,0.46,0,0.46,388,0.33,20,347,187,842,2.38,0.021,0.038,14.5,0,0.028,0.488,0.63,0.227,62,1.3,241,0.21,0.4
797776110780,29047,BACK TO NATURE CEREAL ORANGE CRUNCH GRAN,Back to Nature,"Grocery & Gourmet Food,Food",2015-10-30T22:19:08Z,2017-07-01T16:50:07Z,BACK TO NATURE FOODS COMPANY,"Rolled Oats,Brown Rice Syrup,Evaporated Cane Juice,Brown Rice Crisp (Brown Rice, Brown Rice Syrup, Salt),Water,Non-GMO Canola Oil,Oat Bran,Oat Syrup Solids,Chia Seeds,Chicory Root Fiber,Honey,Orange Granules,Natural Flavors,Natural Vitamin E.",376,25.18,18.584,29.2,3.06,0,0,673,0.64,22,490,93,690,2.94,0.024,0.021,14.5,0,0.031,0.45,0.18,0.074,18,0.27,271,0,0
701197247475,29048,Nutrament Strawberry Complete Nutrition Drink 12 Fl. Oz. Can,Nutrament,"Food,Fresh Food,Grocery",2016-06-13T03:49:38Z,2016-06-13T03:49:38Z,Nutrament,"Skim Milk,Sugar,Corn Syrup,Canola Oil,High Oleic Sunflower Oil,Calcium Caseinate,Soy Protein Isolate,Corn Oil,Sodium Caseinate,Artificial Flavor,Magnesium Phosphate,Magnesium Chloride,Carrageenan,Soy Lecithin,Sodium Ascorbate,Ferrous Sulfate,Zinc Sulfate,Vitamin E Acetate,Niacinamide,Red 3,Calcium Pantothenate,Cupric Sulfate,Manganese Sulfate,Vitamin A Palmitate,Vitamin B6 Hydrochloride,Thiamin Hydrochloride,Riboflavin,Chromium Chloride,Folic Acid,Vitamin D3,Biotin,Sodium Molybdate,Sodium Selenite,Vitamin K1,Vitamin B12.",404,22.87,18.867,33.31,3.09,0,0.48,710,0.14,27,455,76,653,3.64,0.03,0.027,28.5,0,0.029,0.428,0.059,0.066,27,1.1,330,0.71,0.6
701197247482,29049,"Kikkoman Original Pearl Organic Soymilk, 32oz",kikkoman,"Fresh Food,Food,Grocery",2016-06-13T03:13:38Z,2016-06-13T03:49:46Z,Jfc International Inc. Box 1 of 3,"Filtered Water,Whole Organic Soybeans,Organic Evaporated Cane Juice,Organic Malt Syrup,Tricalcium Phosphate,Sea Salt,Carrageenan,Organic Natural Vanilla Flavor,Vitamin A Palmitate,Vitamin D2.",387,23.37,19.475,30.6,4.78,0,0,643,0.21,21,464,95,700,2.79,0.042,0.012,14.5,0,0.046,0.293,0.08,0.074,18,0.83,233,0,0
701197247505,29050,"Kikkoman Chocolate Pearl Organic Soymilk, 32 Fl Oz",kikkoman,"Food,Fresh Food,Grocery",2016-09-11T03:49:46Z,2016-09-11T03:49:46Z,Jfc International Inc. Box 1 of 3,"Filtered Water,Whole Organic Soybeans,Organic Evaporated Cane Juice,Organic Dutch Processed Cocoa Powder,Tricalcium Phosphate,Sea Salt,Carrageenan,Organic Natural Vanilla Flavor,Vitamin A Palmitate,Vitamin D2.",394,23.76,20.218,32.11,2.57,0,0.52,685,0.76,26,457,127,604,3.07,0.042,0.012,14.5,0,0.015,0.375,0.093,0.079,18,0.83,264,0.28,0.6
701197247499,29052,Blue Diamond Almondsï¿½ï¿½ Almond Breezeï¿½ï¿½ Chocolate Almondmilk 0.5 Gal. Carton,Blue Diamond,"Food,Fresh Food,Grocery",2015-11-09T11:58:58Z,2016-06-13T03:50:33Z,Blue Diamond Growers,"Almondmilk (Filtered Water, Almonds),Evaporated Cane Juice,Cocoa (Dutch Process),Calcium Carbonate,Sea Salt,Potassium Citrate,Natural Flavors,Sunflower Lecithin,Gellan Gum,Vitamin A Palmitate,Vitamin D2 and D-Alpha-Tocopherol (Natural Vitamin E),.",98,11.12,1.718,4.3,3.38,0,2.67,83,0.07,8,159,104,364,0.4,0.029,0.002,9.7,0,0.027,0.163,0.099,0.046,12,0.43,37,0.08,0.1
797776111046,29053,"Stella D'oro Roasted Garlic Breadsticks, 7.8 Oz",STELLA D'ORO,"Fresh Food,Food,Grocery",2016-04-03T05:01:18Z,2016-06-13T04:11:08Z,Lance,"Enriched Flour (Wheat Flour, Malted Barley Flour, Niacin, Reduced Iron, Thiamine Mononitrate {Vitamin B1}, Riboflavin {Vitamin B2}, Folic Acid),Soybean Oil,Corn and Malt Syrup,Salt,Garlic,Yeast,Garlic Oil,Tocopherols Added to Preserve Freshness.",97,10.69,2.311,3.85,4.61,0.2,2.38,53,0.16,7,113,90,344,0.33,0.04,0.003,7.7,1.4,0.033,0.142,0.15,0.068,11,0.53,38,0.04,0
797776111022,29054,"Badia Anise Seed, .5 Oz",Badia,"Food,Grocery",2017-01-12T05:51:52Z,2017-01-12T05:51:52Z,Badia Spices Inc.,"Anise Seed Used mainly to add flavor to cordials and liqueurs*NEWLINE*,Used in France to seasoning fish,soup,seafood and shellfish*NEWLINE*,Used in India on vegetables and seafood dishes*NEWLINE*,One of the most delicate herb plants related to dill,fennel and cumin*NEWLINE*,Gluten free",72,10.34,0.169,0.29,6.66,0,1.85,86,0.15,11,190,137,372,0.47,0.03,0.022,9.4,0,0.023,0.226,0.144,0.016,9,0.46,2,0.01,0
797776111039,29055,"Tone's Garlic Powder, 2.88 Oz",Tones,"Food,Grocery",2016-11-07T00:19:22Z,2016-11-07T00:19:22Z,Tone's,"Garlic Powder. 1/4 teaspoon garlic powder = 1 medium garlic clove,Since 1873",81,10.45,1.235,2.27,4.76,0,4,111,0.13,9,150,125,308,0.51,0.033,0.015,11.9,0,0.02,0.251,0.103,0.057,8,0.47,68,0.08,0
797776111084,29056,"Trolli Sour Brite Eggs, 4.0 Ounce Bags, (pack of 12)",Ferrara Candy Company,"Food,grocery",2016-10-17T16:32:19Z,2016-10-17T16:32:19Z,TROLLI,"Sugar,Corn Syrup,Gelatin,Citric Acid,Lactic Acid,Fumaric Acid,Maltodextrin,Confectioner's Glaze,Acacia (Gum Arabic),Natural and Artificial Flavors,Calcium Lactate,Sodium Lactate,Titanium Dioxide [Color],Carnauba Wax (Adds a Trivial Amount of Fat),Beeswax (Adds a Trivial Amount of Fat),Red 40,Yellow 5,Yellow 6,Blue 1,Sodium Citrate.",350,6.15,20.213,34.44,5.52,0,3.76,97,0.11,9,107,132,314,0.5,0.018,0.011,8.6,0,0.023,0.23,0.091,0.056,9,0.22,308,0.86,0
799439792487,29057,Cornnuts Ranch Bag,Cornnuts,"Food,Grocery",2015-10-31T07:19:33Z,2016-07-22T18:32:17Z,Kraft,"CORN,PARTIALLY HYDROGENATED SOYBEAN AND/OR CANOLA OIL,SALT,BUTTERMILK,TOMATO AND ONION AND GARLIC POWDERS,MONOSODIUM GLUTAMATE (FLAVOR ENHANCER),CORN SYRUP SOLIDS,SUGAR,CHEDDAR CHEESE (MADE FROM CULTURED MILK, SALT AND ENZYMES),NATURAL AND ARTIFICIAL FLAVOR,LACTIC AND MALIC ACIDS (FOR TARTNESS),SPICES,SODIUM DIACETATE (FOR TARTNESS),PARSLEY FLAKES,SODIUM CITRATE,DISODIUM PHOSPHATE,ARTIFICIAL COLOR (INCLUDES RED 40 LAKE),CITRIC ACID,DISODIUM INOSINATE AND DISODIUM GUANYLATE (FLAVOR ENHANCERS),SODIUM CASEINATE,MONO- AND DIGLYCERIDES (EMULSIFIER),DEGERMED YELLOW CORN MEAL,SOYBEAN OIL.",357,24.99,17.572,27.8,1.43,0,1.43,731,0.44,30,536,188,812,3.75,0.036,0.011,14.5,0,0.037,0.389,0.082,0.076,16,1.54,243,0.24,0.5
799439792494,29058,Planters Pistachio Lovers Mix 18.5 Oz. Canister,Planters,"Food,grocery",2017-01-23T05:31:29Z,2017-01-23T05:31:29Z,PLANTERS/DIV OF KRAFT FOODS INC,"Pistachios,Almonds,Cashews,Peanut and/or Cottonseed Oil,Sea Salt. Contains: Pistachio,Almond,Cashew. Manufactured on equipment that processes peanut,other tree nuts.",264,14.21,14.946,21.28,4.09,0,4.09,493,0.65,19,337,62,917,2.88,0.032,0.028,15,0,0.154,0.844,0.991,0.424,32,1.69,125,0.18,0.4
799439792500,29059,Bob Evansï¿½ï¿½ Tasteful Sidesï¿½ï¿½ï¿½ Macaroni & Cheese 28 Oz. Tray,Bob Evans,"Food,Grocery",2017-01-07T20:21:06Z,2017-01-07T20:21:06Z,"BEF Foods, Inc.","Cooked Enriched Pasta (Water, Elbow Macaroni (Semolina (Wheat), Niacin, Iron (Ferrous Sulfate), Thiamin Mononitrate, Riboflavin, Folic Acid)),Milk,Water,Pasteurized Process Cheese Spread (American Cheese (Pasteurized Milk, Cheese Culture, Salt, Enzymes), Water, Whey, Sodium Phosphate and/or Whey Protein Concentrate, Skim Milk, Contains Less Than 2 of the Following: Milkfat, Salt, Sodium-Alginate, Lactic Acid, Artificial Color, Apocaratenal (Color)),Cheese (Cheddar Cheese (Pasteurized Milk, Cheese Culture, Salt, Enzymes), Water, Salt, Annatto (Color)),Margarine (Liquid Soybean Oil, Water, Salt, Hydrogenated Cottonseed Oil, Soy Lecithin, Vegetable Mono and Diglycerides, Artificial Flavor, Vitamin A Palmitate),Contains Less Than 2 of the Following: Modified Food Starch,Salt.",389,25.6,19.196,31.14,1.55,0,1.55,550,0.23,14,346,64,800,3.5,0.025,0.014,14.5,0,0.021,0.204,0.15,0.083,6,1.68,261,0.27,0.6
799439792517,29060,Ground Cumin,Tone's,"Food,Grocery",2016-11-06T22:30:35Z,2016-11-06T22:30:35Z,Ach Food Companies,Cumin Ground,466,9.65,19.16,29.51,42.65,0,0,400,0.52,70,444,1409,600,1.14,0.08,0.04,14.5,0,0.315,1.382,0.813,0.271,5,2.42,334,0,0
799439792524,29061,"Nature's Path Organic Love Crunch Premium Organic Granola Aloha Blend, 11.5 Oz",Nature's Path,"Food,Grocery",2017-01-23T05:30:48Z,2017-01-23T05:30:48Z,"Nature's Path Foods, Inc.","Rolled Oats*,Cane Sugar*,Soy Oil*,Dried Coconut*,White Chocolate Chunks* (Cane Sugar*, Cocoa Butter*, Whole Milk Powder*, Soy Lecithin*, (Non-GMO), Vanilla Extract*, Ground Vanilla*),Freeze-Dried Pineapple*,Rice Starch*,Sea Salt,Natural Flavor,Cinnamon*,Tocopherols (Vitamin E),. *Organic.",356,24.94,17.614,27.44,2.22,0,2.22,700,0.24,29,546,121,819,3.9,0.036,0.011,14.5,0,0.03,0.334,0.063,0.08,21,1.54,165,0.24,0.5
799439792531,29062,"Spice Islands: Powder Garlic, 2.25 Oz",Spice Islands,"Food,Grocery",2016-11-04T03:05:42Z,2016-11-04T03:05:42Z,Spice Island,Garlic Powder,413,29.81,18.913,32.34,0.36,0,0.36,1011,0.17,36,605,81,714,3.9,0.032,0.017,14.5,0,0.06,0.279,0.106,0.081,10,1.6,271,0.28,0.6
799439792548,29063,Kernel Season's - All Natural Popcorn Seasoning Caramel - 3 Oz.,Kernel Season's,"Food,Grocery",2016-11-10T09:27:38Z,2016-11-10T09:27:38Z,KERNEL SEASON'S LLC,"Sugar,Brown Sugar,Natural Flavor,Caramel Color,and Not More than 2% Silicon Dioxide,Tricalcium Phosphate and Soybean Oil Added to Prevent Caking.",327,20.05,16.746,27.25,0.49,0,0.49,497,0.13,21,393,128,800,2.1,0.021,0.038,14.5,0,0.08,0.503,0.158,0.086,58,1.04,340,0.23,0.5
799439792555,29064,"Iberia Minced Garlic In Water, 1 Qt",Iberia,"Food,Grocery",2016-11-07T00:18:40Z,2016-11-07T00:18:40Z,iberia foods corp.,"Garlic,Water,Citric Acid,Sodium Benzoate.",373,24.48,19.066,30.28,0.68,0,0.5,746,0.72,27,444,81,600,3,0.032,0.011,14.5,0,0.015,0.39,0.093,0.079,18,0.83,198,0.26,0.6
701197168169,29065,"Goya Chicken Bouillon, 2.82 Oz",Goya Food,"Food,Grocery",2016-09-04T17:26:39Z,2016-09-24T23:06:44Z,"GOYA FOODS, INC.","Salt,Monosodium,Glutamate,Sugar,Hydrolyzed Soy Protein,Malto Dextrin,Dehydrated Vegetables (Onion, Garlic, Celery and Parsley),Yeast Extract,Chicken Fat,Turmeric,Chicken Meat,Caramel Color,Natural Flavor,Disodium Inosinate and Guanylate,Silica (Anticaking Agent),.",300,22.17,13.152,22.35,2.19,0,1.03,505,0.44,20,354,76,627,2.92,0.011,0.03,17,0,0.03,0.283,0.104,0.037,7,2.28,179,0.19,0.4
701197168176,29067,Whole Oregano,Badia Spice,"Food,Grocery",2017-01-12T05:51:51Z,2017-01-12T05:51:51Z,Badia Spices Co.,Chopped Oregano.,318,21.6,15.561,24.64,2.47,0,1.01,575,0.2,21,412,75,710,2.46,0.022,0.009,16.1,0,0.016,0.27,0.094,0.062,8,0.73,197,0.21,0.5
701197168183,29068,M&b Curry,Morton & Bassett,"Food,Grocery",2017-01-12T05:51:50Z,2017-01-12T05:51:50Z,Morton and Bassett,"Contains: Turmeric,Fenugreek,Coriander,Mustard Flour,Cumin,Gingerroot,Black Pepper,Allspice,Cayenne and Fennel.",254,24.26,10.114,15.92,2.77,0,1.13,782,0.22,23,463,84,619,2.76,0.025,0.01,14.4,0,0.018,0.303,0.105,0.07,9,0.82,127,0.14,0.3
701197168190,29069,Whole Oysters,Crown Prince,"Food,Grocery",2017-01-07T20:11:16Z,2017-01-07T20:11:16Z,Crown Prince,"Whole Oysters,Water,Salt.",295,23.75,11.295,19.78,5.58,0,1.9,697,0.22,27,548,188,666,3.62,0.033,0.039,27.6,0,0.024,0.353,0.111,0.1,27,1.68,223,0.5,0.4
701197168206,29070,Seasoned Salt,Badia,"Food,Grocery",2016-11-07T00:18:58Z,2016-11-07T00:18:58Z,Badia Spices Co.,"Salt,Sugar,Spices,Including Paprika,Tumeric,Onion,Corn Starch,Garlic,Tricalcium Phosphate (Prevents Caking),Paprika Oleoresin (For Color),And Natural Flavor.",368,23.41,19.113,30.04,1.12,0,1.12,717,0.41,27,468,134,628,2.81,0.031,0.008,14.5,0,0.013,0.32,0.103,0.056,12,1.47,298,0.26,0.6
701197168213,29071,Bellino Nonpareil Cape Roasted 3-ounce Ja Roasted (pack of 12),Cento,"Food,Grocery",2016-11-07T00:14:33Z,2016-11-07T00:14:33Z,Bellino,"Non Pareil Capers,Water,Salt and Vinegar.",253,9.15,12.79,22.78,3.59,0,3.19,117,0.13,10,138,152,334,0.82,0.027,0.011,3,0,0.022,0.155,0.21,0.041,14,0.3,241,0.4,0
701197168220,29072,"Blue Diamond Dark Chocolate Almonds, 8 Oz (pack of 6)",Blue Diamond,"Food,Grocery",2017-01-19T18:50:19Z,2017-01-19T18:50:19Z,Blue Diamond Growers,"Almonds,Sugar,Cocoa Powder (processed with Alkali),Corn Maltodextrin,Natural Flavor (Dark Chocolate),Sea Salt and Rebiana (Stevia Extract),.",420,28.42,15.371,27.84,13.91,0,0.07,853,0.49,34,627,180,1804,4.2,0.04,0.071,34.4,0,0.026,0.358,0.08,0.081,6,1.4,262,0.53,0.5
360734301185,29073,"Williams Spicy Wings, 5 Oz (pack of 6)",Williams,"Food,Grocery",2016-11-05T22:49:37Z,2016-11-05T22:49:37Z,Williams,"Enriched Flour (Bleached Wheat Flour, Malted Barley Flour, Niacin, Iron, Thiamine Mononitrate, Riboflavin, Folic Acid),Salt,Spices and Color,Dehydrated Onion and Garlic,Natural Flavor.",392,35.75,16.41,25.83,3.22,0,0.8,1184,0.82,44,694,92,1376,2.75,0.032,0.02,22.5,0,0.039,0.332,0.271,0.091,7,1.2,207,0.22,0.5
871267008739,29074,Sour Cherry Syrup,Marco Polo,"Food,Grocery",2016-11-07T00:22:46Z,2016-11-07T00:22:46Z,ADRIA IMPORTS INC,"Sour Cherry Juice,Sugar.",352,23.78,16.691,28.2,0.57,0,0.57,650,0.43,24,360,136,534,2.6,0.022,0.011,14.5,0,0.014,0.24,0.06,0.053,18,1.5,315,0.24,0.5
701197246911,29075,Bionaturae Organic Wild Berry Fruit Spread 9 Oz,Bionaturae,"Food,Grocery",2016-11-15T12:58:09Z,2016-11-15T12:58:09Z,Bionaturae,"Organic Wild Berries (Organic Blackberries, Organic Strawberries, Organic Bilberries, Organic Raspberries),Organic Apple Juice Concentrate,Natural Fruit Pectin,Ascorbic Acid.",351,25.58,17.078,26.62,2.14,0,0.56,756,0.52,28,496,138,876,3.23,0.026,0.01,14.5,0,0.019,0.321,0.156,0.073,10,1.46,236,0.23,0.5
701197246928,29076,"Lay's Dip Creations Country Ranch Seasoning Mix, 1 Oz",Lay's,"Food,Grocery",2016-11-07T00:20:58Z,2016-11-07T00:20:58Z,Frito Lay,"Maltodextrin,Salt,Monosodium Glutamate,Dehydrated Garlic,Onion Powder,Dehydrated Onion,Dehydrated Parsley,Partially Hydrogenated Soybean Oil And Cottonseed Oil,Spice,Modified Food Starch,Dextrose,Lactic Acid,Carrageenan,And Artificial Color. Contains A Milk Ingredient.",174,11.26,8.295,12.98,3.04,0,0.27,207,0.38,11,158,105,84,1.16,0.021,0.006,14.5,0,0.013,0.195,0.104,0.043,12,0.34,120,0.11,0.2
799439883727,29077,"Maggi Chicken Flavor Bouillon, 3.5 Oz",Maggi,"Food,Grocery",2017-01-07T20:10:12Z,2017-01-07T20:10:12Z,Nestle,"Salt,Cornstarch,Monosodium Glutamate,Sugar,Partially Hydrogenated Palm Oil,Garlic Powder,Onion Powder,and Less than 2 of Dehydrated Chicken**,Turmeric Spices,Chicken Fat**,Disodium Inosinate,Natural Flavor. **Adds Trivial Amounts of Cholesterol.",138,11.39,4.927,7.91,5.14,0,0.31,272,0.44,15,183,125,99,1.34,0.034,0.01,16.7,0,0.021,0.185,0.078,0.02,13,0.29,107,0.07,0.1
701197246904,29078,"Polaner Sugar Free Orange Marmalade, 13.5 Oz",Polaner,"Food,Grocery",2016-11-07T00:22:02Z,2016-11-07T00:22:02Z,"B&G Foods, Inc.","Water*,Orange Peel**,Maltodextrin* (Dietary Fiber),Polydextrose*,Fruit Pectin,Locust Bean Gum*,Citric Acid,Natural Flavor*,Sucrolose* (Splenda Brand),Potassium Sorbate And Sodium Benzoate (to Preserve Freshness),Calcium Chloride*,Yellow #6*. *Not In Regular Preserves. **Adds A Trivial Amount of Sugar.",387,31.8,17.115,26.94,3.63,0,0.73,1064,0.77,41,760,86,1433,2.58,0.03,0.02,14.5,0,0.037,0.37,0.077,0.085,7,1.12,96,0.23,0.5
797776102907,29079,Simply Asiaï¿½ï¿½ Sweet & Smoky Hibachi Seasoning 3.12 Oz. Bottle,Simply Asia,"Food,grocery",2015-09-13T04:39:44Z,2016-11-03T10:11:32Z,"Simply Asia Foods, LLC","Brown Sugar,Sea Salt,Garlic,Spices (Including Red Pepper),Sugar,Onion,Toasted Sesame Seed,Red Bell Pepper,Natural Flavor (Including Smoke),Green Onion,Silicon Dioxide And Calcium Stearate (to Make Free-Flowing),Caramel Color,And Soy Sauce (Wheat, Soybean, Salt),. Contains: Soy And Wheat.",369,21.54,19.263,30.64,2,0,0,662,0.56,30,392,91,1809,2.08,0.034,0.03,14.5,0,0.04,0.586,0.734,0.124,49,0.64,294,0,0
701197194304,29080,Roasted Turkey Gravy,Simply Organic,"Food,Grocery",2015-09-13T04:39:35Z,2017-09-19T14:40:36Z,Simply Organic,"Organic Potato Starch,Organic Corn Syrup Solids,Organic Natural Flavors (Organic Turkey and Chicken Flavors,Sea Salt,Organic Gum Arabic),Organic Rice Flour,Sea Salt,Organic Carrot,Organic Onion,Silicon Dioxide,Malt Extract,Organic Sage,Organic",393,26.96,18.227,30.99,1.44,0,0,890,0.13,33,574,72,187,4.37,0.047,0.026,30,0,0.011,0.302,0.064,0.071,10,3.06,288,0.6,0
4969444133,29081,Nestlï¿½ï¿½ Coffee-mate Cinnamon Vanilla Creme Coffee Creamer 180-0.375 Fl. Oz. Tubs,Coffee-Mate,"Fresh Food,Food,grocery",2017-01-16T19:32:18Z,2017-01-16T19:32:18Z,Coffee,"Water,Sugar,Coconut Oil,Sodium Caseinate (a Milk Derivative),**,Artificial and Natural Flavors,Dipotassium Phosphate,Mono- and Diglycerides,**Not a Source of Lactose.",340,24.41,16.775,25.98,1.88,0,0,700,0.23,13,500,65,753,3.5,0.026,0.013,14.5,0,0.061,0.359,0.205,0.065,20,2.1,249,0,0
2863219546,29082,Simply Organic Seasoning,Simply Organic,"Grocery & Gourmet Food,Food",2017-01-09T20:06:13Z,2017-09-04T05:10:58Z,Frontier Natural Products CO-OP,"Sea Salt, Organic Garlic, Organic Onion, Organic Black Pepper, Organic Oregano, Organic Bay, Organic Turmeric.,Sea Salt,Organic Garlic,Organic Onion,Organic Black Pepper,Organic Oregano,Organic Bay,Organic Turmeric.",366,18.13,18.057,30.71,4.78,0,2.26,1045,0.63,26,641,132,1671,2.49,0.046,0.041,20.2,0,0.015,0.234,0.076,0.054,8,1.5,317,0.8,7.5
1700004728,29083,Kellogg's Frosted Confetti Cake Pop Tarts 14.1,Kellogg's,"Fresh Food,Food,Grocery",2015-10-30T21:52:07Z,2017-01-16T15:29:23Z,Kellogg's,"Enriched Flour (Wheat Flour, Niacin, Reduced Iron, Thiamin Mononitrate Vitamin B1, Riboflavin Vitamin B2, Folic Acid),Corn Syrup,Sugar High Fructose Corn Syrup,Vegetable Oil (Soybean And/Or Palm Oil With Tbhq For Freshness, Partially Hydrogenated Cottonseed And/Or Soybean Oil, Hydrogenated Palm Kernel Oil),Contains Two Percent Or Less of Salt,Fructose,Wheat Starch,Rice Flour,Calcium Carbonate,Cornstarch,Leavening (Baking Soda, Sodium Acid Pyrophosphate, Monocalcium Phosphate),Soy Lecithin,Caramel Color,Dextrose,Maltodextrin,Gelatin,Sodium Stearoyl Lactylate,Mono- And Diglycerides,Color Added,Natural And Artificial Flavor (Contains Milk),Modified Food Starch,Confectioner's Glaze,Carrageenan,Cellulose Gum,Carnauba Wax,Vitamin A Palmitate,Niacinamide,Reduced Iron,Red 40,Yellow 6,Pyridoxine Hydrochloride (Vitamin B6),Yellow 5,Riboflavin (Vitamin B2),Gum Arabic,Blue 2 Lake,Thiamin Hydrochloride (Vitamin B1),Blue 1,Annatto Color,Xanthan Gum,Folic Acid,BHT (Preservative),Blue 2. Contains Wheat,Soy And Milk Ingredients.",375,22.13,19.663,31.2,1.73,0.1,0.62,614,0.42,22,744,162,915,2.98,0.033,0.016,14.5,2.3,0.027,0.354,0.078,0.071,8,0.7,244,0.29,0.5
6260096322,29084,Ka Me Noodle Strfry Soba-14. 2 Oz -pack of 6,KA-ME,"Food,Grocery",2015-11-09T12:57:15Z,2017-01-07T20:27:08Z,Panos Brands LLC,"Water,Wheat Flour,Buckwheat Flour,Wheat Gluten,Salt,Lactic Acid.",334,24.73,16.045,25.01,2.1,0,1.23,772,0.61,29,762,216,1370,3.61,0.027,0.014,15.9,0,0.014,0.276,0.038,0.036,6,1.23,198,0.34,0.5
701197247222,29085,"Spice Islands: Ground Coriander Spice, 1.7 Oz",Spice Islands,"Food,Grocery",2016-11-05T22:53:32Z,2016-11-05T22:53:32Z,Spice Island,"Aromatic And Bitingly Pungent,Coriander Is An Ancient Seasoning Whose Culinary Roots Travel Deep Into Remote Times. We Grind Our Own Coriander Seed To Ensure Delightful Bouquet And Distinctive Flavor. Ground Coriander Is Traditional In South American,Indian,Mediterranean And African Cuisines,Particularly Curries,Meat,And Seafood Dishes. Add To Stews And Marinades For Authentic Mediterranean Flavor.",331,19.66,15.355,24.46,8.32,0,0,497,0.84,30,400,363,966,3.01,0.03,0.01,16.2,0,0.03,0.446,0.074,0.141,5,1.28,0,0,0
797776082995,29086,"Polaner Blackberry Seedless Sugar Free Preserves With Fiber, 13.5 Oz",Polaner,"Food,Grocery",2015-05-20T09:26:55Z,2016-11-13T01:59:48Z,"B&G Foods, Inc.","Water*,Blackberries+,Maltodextrin* (Dietary Fiber),Polydextrose*,Fruit Pectin,Locust Bean Gum*,Citric Acid,Natural Flavor*,Sucrolose* (Splenda Brand),Potassium Sorbate And Sodium Benzoate (to Preserve Freshness),Calcium Chloride*,Red #40 And Blue #1*. *Not In Regular Preserves. +Adds A Trivial Amount of Sugar.",330,16.86,15.057,25.63,8.56,0,5.59,682,0.26,27,438,255,1284,2.31,0.034,0.025,19.6,0,0.035,0.36,0.155,0.102,7,1.33,201,0.63,2.5
797776082988,29087,Jelly Belly Jelly Bean,Jelly Belly,"Food,Grocery",2016-09-25T04:46:16Z,2016-10-05T22:30:35Z,JELLY BELLY CANDY COMPANY,"Sugar,Corn Syrup,Modified Food Starch,Contains 2% or Less of the Following: Peach Puree Concentrate,Blueberry Puree,Strawberry Puree,Lemon Puree,Pear Juice Concentrate,Tangerine Juice Concentrate,Watermelon Juice Concentrate,Apple Juice Concentrate,Cherry Juice Concentrate,Pomegranate Juice Concentrate,Coconut,Citric Acid,Phosphoric Acid,Ascorbic Acid,Sodium Lactate,Sodium Citrate,Natural and Artificial Flavors,Color Added,Red 40 Lake,Blue 1 & 2 Lake,Yellow 5 & 6 Lake,Yellow 5 & 6,Red 40,Blue 1,Tapioca Dextrin,Beeswax,Carnauba Wax,Confectioner's Glaze,Salt,Caffeine.",323,21.92,15.487,24.14,4.5,0,0,723,0.6,28,526,284,1552,3.55,0.03,0.01,16.1,0,0.014,0.4,0.104,0.035,6,2.3,237,0,0
797776099986,29088,"Manischewitz Whitefish & Pike, Reduced Sodium, In Jelled Broth",Manischewitz,"Food,Grocery",2017-01-07T20:11:08Z,2017-01-07T20:11:08Z,MANISCHEWITZ,"Water,Whitefish,Pike,Matzo Meal (Passover Wheat Flour and Water),Egg Whites,Onion,Salt,Carrageenan,Locust Bean Gum,Potassium Chloride,Dipotassium Phosphate,Pepper,Natural Flavorings.",290,16.41,13.327,21.23,8.73,0,7.32,562,0.33,29,875,242,1625,2.59,0.033,0.02,11.3,0,0.048,0.431,0.131,0.117,7,0.4,173,0.19,0.4
797776099979,29090,"Mentos Chewy Mint Strawberry, 1.32 Oz",Mentos,"Food,Grocery",2017-01-12T05:54:28Z,2017-01-12T05:54:28Z,Perfetti Van Melle USA Inc,"Sugar,Wheat Syrup,Strawberry Juice from Concentrate (2),Hydrogenated Coconut Oil,Citric Acid,Corn Starch,Artificial Flavor,Maltodextrin,Sucrose Fatty Acid Esters,Gellan Gum,Carnauba Wax,Sodium Carboxymethylcellulose,Gum Arabic,Color (Beetroot Red),Beeswax. Mentos Chewy Mint Strawberry.,Mentos The Chewy Mint Strawberry.,Artificially flavored.,Perfetti.,For nutritional information,write to: Nutritional Data,P.O. Box 18190,Erlanger,KY 41018.,Mentos is a registered trademark of Perfetti Van Melle Benelux B.V. www.mentos.com.,For the strawberry lover,mentos strawberry chewy candies are a perfect fit.,With a hard outer shell to keep them from melting and a creamy chewy center,mentos strawberry flavored chewy candies have no competition.,If are looking for fresh breath and a delicious fruity flavor then look no further than mentos strawberry flavored chewy mints.",123,3.13,7.032,10.39,4.73,0,4.13,107,0.05,10,95,132,61,0.39,0.009,0.005,3.2,0.9,0.03,0.194,0.109,0.05,3,0.19,97,0.25,0
797776099986,29091,Egg Noodles Wide,Streit's,"Food,Grocery",2015-11-09T12:57:30Z,2017-01-07T20:13:36Z,Aron Streit Inc.,"Durum Flour (Wheat),Egg Yolks or Eggs,Niacin,Iron (Ferrous Sulfate),Thiamine Mononitrate (Vitamin B1),Riboflavin (Vitamin B2),and Folic Acid.",191,2.96,10.176,19.1,2.82,0,3.67,91,0.05,9,92,136,72,0.32,0.012,0.005,4.6,0.8,0.023,0.19,0.09,0.044,2,0.14,181,0.12,1.1
799439507999,29092,Italian Herb Seasoning,Spice Islands,"Food,Grocery",2015-10-29T11:15:41Z,2017-01-07T20:17:57Z,Spice Island,"Oregano,Marjoram,Savory,Thyme,Basil,Rosemary,Sage. Aromatic blend of basil,oregano,rosemary,thyme and other herbs,Perfect compliment to Italian dishes and tomato-based sauces",292,2.17,19.337,30.91,2.96,0,2.96,69,0.03,7,61,97,34,0.25,0.007,0.001,0.5,0.6,0.024,0.125,0.042,0.028,4,0.2,279,0.88,0.6
797776041336,29093,Natural Sesame Seeds,Orale!,"Food,Grocery",2016-11-03T10:13:31Z,2016-11-03T10:13:31Z,Lisy Corp,Natural Sesame Seed.,340,2.84,23.032,36.08,2.74,0,2.92,66,0.1,7,58,95,27,0.24,0.011,0.006,3,0.6,0.02,0.188,0.064,0.035,4,0.16,411,0.92,1.6
797776109418,29094,"Fiordifrutta Organic Fruit Spread Strawberries & Wild Strawberries, 8.82 Oz",Fiordifrutta,"Food,Grocery",2017-01-09T20:06:20Z,2017-01-09T20:06:20Z,Rigoni Di Asiago,"Strawberries*,Apple Juice*,Wild Strawberries*,Pectin. *From organic farming.",257,3.2,13.831,22.22,12.49,0,8,101,0.05,11,89,147,8,0.37,0.01,0.001,1.4,0,0.037,0.065,0.07,0.041,3,0.29,188,0.64,0.4
797776109401,29095,Old Wessex Ltd. - Scottish-style Porridge Oats - 18.5 Oz.,Old Wessex Ltd.,"Food,Grocery",2017-01-16T15:29:20Z,2017-01-16T15:29:20Z,Blue Marble Brands,100 Natural Scottish-Style Porridge Oats.,135,2.94,7.47,12,4.26,0,0.16,104,0.07,10,95,129,89,0.5,0.016,0.003,2.1,0.9,0.035,0.149,0.067,0.016,11,0.3,102,0.34,0.2
701197230538,29096,Preserv Sf Blckbrry -pack of 6,Dickinson's,"Food,Grocery",2015-11-09T12:38:56Z,2016-11-15T12:57:26Z,"THE DICKINSON FAMILY, INC.","Water (Ingredients Not in Regular Preserves),Blackberries (Adds a Trivial Amount of Sugar),Polydextrose (Ingredients Not in Regular Preserves),Maltodextrin (Ingredients Not in Regular Preserves),Fruit Pectin,Locust Bean Gum (Ingredients Not in Regular Preserves),Citric Acid,Natural Flavor (Ingredients Not in Regular Preserves),Potassium Sorbate (Preservative),Calcium Chloride (Ingredients Not in Regular Preserves),Sucralose (Non Nutritive Sweetener),(Ingredients Not in Regular Preserves),Red 40 (Ingredients Not in Regular Preserves),.",198,2.44,10.14,19.35,4.63,0,3.41,101,0.07,10,76,125,31,0.33,0.018,0.015,3.7,0.9,0.02,0.168,0.093,0.041,6,0.21,124,0.38,0
701197230545,29097,Organic White,RiceSelect,"Food,Grocery",2016-03-20T04:17:34Z,2017-01-07T20:27:08Z,Rice Select,Organic Texmati Rice.,88,4.55,2.591,4.19,8.05,0,8.05,130,0.2,19,109,165,54,0.46,0.013,0.005,4.2,1.5,0.034,0.19,0.105,0.05,1,0.45,59,0.21,1.2
701197230552,29098,Whole Wheat Penne Rigate Pasta,De Cecco,"Food,Grocery",2017-01-09T20:06:06Z,2017-01-09T20:06:06Z,F. LLI De Cecco Di Filippo,"Whole Semolina From (Wheat),Niacin,Ferrous Lactate,Thiamine Mononitrate,Riboflavin,Folic Acid.",178,3.25,13.272,16.57,4.68,0,4.68,113,0.03,10,87,162,48,0.37,0.01,0.002,2.3,0.9,0.038,0.163,0.074,0.017,12,0.33,3,1.34,0
797776109449,29099,"Sam Mills Pasta D'oro Penne Rigate 100% Corn Pasta, 16 Oz",SAM MILLS,"Food,Grocery",2016-10-27T04:17:49Z,2016-10-27T04:17:49Z,Sam Mills,"100% Corn Flour,Water. This Product Is Produced In A Gluten-Free Facility.",63,3.33,0.768,3.46,4.74,0,0,128,0.05,13,97,139,57,0.36,0.01,0.002,2,0.9,0.03,0.123,0.087,0.04,5,0.34,2,0,0
799439883000,29100,"Golden Mountain Seasoning Sauce, 20 Fl Oz",Golden Mountain,"Food,grocery",2017-01-22T18:08:02Z,2017-01-22T18:08:02Z,THAI THEPAROS FOOD PRODUCTS,"Soybean Sauce (Soy Bean, Corn, Wheat),Water,Sugar,Salt,Add Food Enhancer",63,3.33,3.101,3.4,4.74,0,4.74,128,0.05,13,97,139,57,0.36,0.01,0.002,2,0.9,0.03,0.123,0.087,0.04,5,0.34,2,0.13,0
799439883024,29101,McCormick Belgian Style White Ale Seasoning (Pack of 2) 2.37 oz Bottles,McCormick,"Grocery,Food",2016-11-15T13:39:16Z,2017-04-12T13:54:07Z,"Mccormick & Company, Inc.","Salt,Spices (Including Coriander, Black Pepper, Paprika, And Thyme),Garlic,Sugar,Onion,Orange Peel,Citric Acid,Corn Maltodextrin,Gum Arabic,Valencia Orange Peel,Beer (Malted Barley, Corn Syrup, Hops, Yeast),And Natural Flavors.",126,21.05,0,0,10.53,0,5.26,789,0,115,316,393,1316,4.11,0.559,0,14.6,0,0.412,0.545,5.56,0.567,9,1.85,56,0.27,0.1
799439882997,29102,"Orale Whole Black Pepper, 1 Oz",Orale!,"Food,Grocery",2016-11-03T10:12:43Z,2016-11-03T10:12:43Z,Lisy Corp,Whole Black Pepper.,136,1,1.937,9.97,11.38,0,11.38,9,0.03,0,64,191,67,0.02,0,0,1.1,0,0,0,0,0,0,0,1,0.81,0
799439883017,29103,"Polaner All Fruit Raspberry Fruit Spread With Fiber, 10 Oz",Polaner All Fruit,"Food,Grocery",2016-11-07T00:20:59Z,2016-11-07T00:20:59Z,"B&G Foods, Inc.","Juice Concentrates (Pear, Grape),Maltodextrin (Dietary Fiber),Raspberries,Fruit Pectin,Natural Flavor,Citric Acid.",136,1,9.304,9.97,11.38,0,0,9,0.03,0,64,191,79,0.02,0.025,0.04,1.1,0,0,0,0,0,0,0,4,0,0
797776109562,29104,"Spice Islands: Ground Saigon Cinnamon Spice, 1.9 Oz",Spice Islands,"Food,Grocery",2016-11-04T03:05:51Z,2016-11-04T03:05:51Z,Spice Island,"Cinnamon Is One Of The Oldest And Most Flavorful Spices In The World. Spice Islands Have Traveled To Saigon To Bring You This Sweet Cinnamon Whose Red-Hot,Candy-Like Flavor Has Been Prized For Centuries. Ground Cinnamon Is The Secret Ingredient In A Wide Array Of Middle Eastern And Mediterranean Dishes,And A Favorite For Baked Goods. For A Fragrant Pilaf,Cook Rice In Cinnamon-Flavored Broth Stir In Chopped Dried Fruits And Toasted Nuts.",529,2.48,19.146,32.92,59.29,0,7.77,2,0.26,1,288,669,124,0.07,0.018,0.011,0,0,0,0,0,0,0,0,0,1.26,0
701197168053,29105,"A Taste of Thai Soup Base, Coconut Ginger",Taste of Thai,"Food,Grocery",2017-01-07T20:09:31Z,2017-01-07T20:09:31Z,A Taste of Thai,"Salt,Galangal,Lemongrass,Sugar,Dextrose,Shallot,Chili,Kaffir Lime Peel,Onion,Coriander Root,Citric Acid,Hydrolyzed Soybean Protein.",577,4.9,36.723,39.92,52.54,0,52.54,17,0.03,7,74,166,122,0.08,0.118,0.225,0.6,0,0,0,0,0,0,0,0,1.52,0
701197168060,29106,Chilli Manï¿½ï¿½ Seasoning Mix 1.25 Oz. Pouch,Chilli Man,"Food,Grocery",2017-01-07T20:17:35Z,2017-01-07T20:17:35Z,"Faribault Foods, Inc.","Chili Peppers,Granulated Onion,Spices,Salt,Granulated Garlic.",194,3.61,10.684,12.72,17.13,0,17.13,90,0.04,10,86,151,66,0.27,0.012,0.005,4.8,0.7,0.027,0.117,0.06,0.03,4,0.26,34,0.45,0.9
701197168077,29107,"Bonne Maman Blackberry Preserves, 13 Oz (pack of 6)",Bonne Maman,"Food,Grocery",2016-11-09T17:28:19Z,2016-11-09T17:28:19Z,BONNE MAMAN,"Blackberries,Sugar,Cane Sugar,Concentrated Lemon Juice,Fruit Pectin.",264,0.98,18.912,22.3,16.07,0,16.07,5,0.02,1,18,19,62,0.01,0.024,0.045,1.5,0,0,0,0,0,0,0,4,0.85,0
701197168084,29109,Hulled Pumpkin Seed,Orale!,"Food,Grocery",2016-11-04T03:05:14Z,2016-11-04T03:05:14Z,Lisy Corp,Hulled Pumpkin Seed.,318,1.25,21.783,25.31,23.05,0,23.05,6,0.12,2,8,18,25,0.03,0.03,0.058,2.1,0,0,0,0,0,0,0,7,0.96,0
701197168091,29111,"Badia Arbol Chili Peppers, 6 Oz",Badia,"Food,grocery",2016-08-04T03:55:23Z,2016-08-04T03:55:23Z,Badias Spices,"Arbol Chili,Sulfites. Resealable bag,Arbol chili,sulfites",208,2.4,17.791,19.52,6.63,0,6.63,3,0.39,6,45,161,102,1.18,0.058,0.11,2.5,0,0,0,0,0,0,0,0,0.74,0
701197168107,29112,Manischewitz Borscht 24oz Pack of 12,Manischewitz,"Food,Grocery",2017-01-07T20:09:48Z,2017-01-07T20:09:48Z,MANISCHEWITZ,"Water,Beets,Salt,Citric Acid,Sodium Saccharin (22mg per serving),.",61,1.75,3.037,3.41,6.16,0,0,33,0.39,6,74,114,78,1.18,0.051,0.097,1.9,0,0.012,0.088,0,0,0,0,0,0,0
701197168114,29113,Ground Cinnamon,Tone's,"Food,Grocery",2016-11-09T17:27:05Z,2016-11-09T17:27:05Z,Ach Food Companies,Cinnamon Ground,61,3.15,1.865,3.25,4.8,0,5.05,113,0.03,10,84,132,43,0.37,0.025,0.004,3.7,0,0.046,0.169,0.089,0.036,5,0.45,46,0.07,1.3
701197168121,29114,Sushi Chef Nori (toasted Seaweed Sheets) ull Sheets Boxes,Baycliff,"Food,Grocery",2017-01-07T20:10:36Z,2017-01-07T20:10:36Z,"Baycliff Company, Inc.",Toasted Seaweed Sheets.,64,3.28,2.278,3.66,4.65,0,0,119,0.05,13,93,151,49,0.38,0.01,0.004,2,1.5,0.038,0.161,0.084,0.042,5,0.36,33,0,0
701197168138,29115,"Orale Chile Pequin Entero Chili Pods, .25 Oz",Orale!,"Food,Grocery",2016-11-07T00:18:40Z,2016-11-07T00:18:40Z,Lisy Corp,Pequin Chili Pods,50,3.3,1.257,1.98,4.8,0,5.06,120,0.02,11,92,140,47,0.48,0.006,0.014,2.5,0.2,0.039,0.185,0.092,0.038,5,0.53,55,0.03,1.2
701197168145,29116,"Nature's Earthly Choice Garden Vegetable Easy Quinoa, 4.8 Oz",Nature's Earthly Choice,"Food,Grocery",2015-09-13T04:42:47Z,2016-11-07T00:17:50Z,NATURE'S EARTHLY CHOICE,"Quinoa,Dehydrated Vegetables (Carrot, Red And Green Bell Peppers, Tomato, Celery),Salt,Cane Sugar,Yeast Extract,Garlic Powder,Onion Powder,Potato Starch,Spices,Turmeric,And Less Than 2% Sunflower Oil And Rice Concentrate Added to Prevent Caking.",51,3.48,1.195,1.92,4.97,0,0,128,0.05,14,100,162,52,0.4,0.008,0.002,2.3,1,0.04,0.173,0.09,0.045,5,0.38,56,0,1
701197168152,29118,"Tone's: Celery Salt, 1.2 Oz",Tone's,"Food,Grocery",2016-11-07T00:18:10Z,2016-11-07T00:18:10Z,Ach Food Companies,Celery Salt,56,3.95,1.232,1.98,5.49,0,5.26,143,0.06,16,112,182,59,0.45,0.008,0.002,2.6,1.1,0.045,0.194,0.101,0.051,6,0.43,0,0.04,1
797776236947,29121,"Redmond Real Salt Nature's First Sea Salt Fine, 10.0 Oz",Redmond,"Food,grocery",2015-05-20T09:42:18Z,2017-01-07T20:17:44Z,Redmond Trading Company,100 Real Salt.,42,3.37,0.633,0.97,4.99,0,5.2,125,0.03,11,95,150,44,0.42,0.01,0.003,3.3,0,0.02,0.185,0.093,0.037,5,0.47,58,0.01,1.2
797776236954,29122,Ginger Ground,Spice Islands,"Food,Grocery",2016-11-04T03:05:42Z,2016-11-04T03:05:42Z,Spice Island,"Ginger Was One Of The First Oriental Spices Used In The Western World When It Was Brought From The East By The Fabled Spice Caravans. For An Asian Flair,Mix Ground Ginger With Soy Sauce,Toasted Spice Islands Sesame Seeds And Minced Garlic Drizzle Over Vegetables,Chicken Or Steak. Blend With Butter And Brown Sugar Pour Over Cooked Carrots Or Winter Squash And Broil. Use Ground Ginger To Flavor Marinades,Curries,And Baked Goods.",43,3.48,0.604,0.97,4.97,0,0,128,0.05,14,100,162,52,0.4,0.01,0.002,2.3,1,0.04,0.173,0.09,0.045,5,0.38,59,0,1
797776236930,29127,"Bonne Maman Muscat Grape Jelly, 13 Oz",Bonne Maman,"Food,Grocery",2016-11-05T22:54:56Z,2016-11-05T22:54:56Z,Bonne Maman,"Grape (Juice And Concentrated Juice),Sugar,Cane Sugar Concentrated Lemon Juice,Fruit Pectin.",48,3.93,0.728,1.17,5.52,0,0,142,0.06,16,111,180,58,0.45,0.01,0.002,2.5,1.2,0.045,0.192,0.1,0.05,6,0.43,61,0,1
797776236961,29128,"Tone's: Powder Mild Chili, .65 Oz",Tone's,"Food,Grocery",2016-11-09T17:27:10Z,2016-11-09T17:27:10Z,Ach Food Companies,"Chili Pepper and Other Spices,Salt and Garlic Powder",34,3.37,0.056,0.08,4.96,0,5.09,122,0.03,11,101,156,42,0.42,0.013,0.003,3.1,0,0.045,0.182,0.094,0.037,5,0.5,61,0.01,1.2
826216574094,29129,"Chicken of The Sea Chunk White Tuna In Water To-go Cups, 2.8 Oz, 2 Count",Chicken of the Sea,"Food,Grocery",2016-11-07T00:05:52Z,2016-11-07T00:05:52Z,Chicken of The Sea International,"Chunk White Tuna,Water,Vegetable Broth (Contains Soy),And Salt.",37,3.57,0.162,0.25,5.02,0,5.02,129,0.05,15,104,171,53,0.41,0.011,0.002,2.2,1,0.041,0.175,0.091,0.046,5,0.39,64,0.01,1.2
971267008739,29134,"Frenchs Seasoning Mix, Taco, Original",FRENCHS,"Food,Grocery",2016-11-07T00:19:01Z,2016-11-07T00:19:01Z,Top Selling Items,"Cornstarch,Chili Pepper and Other Spices,Maltodextrin,Salt,Dehydrated Onion,Dehydrated Garlic,Paprika (as Color),Red Pepper,Disodium Inosinate,Paprika Extractives (as Color),.",41,3.96,0.162,0.25,5.56,0,0,143,0.06,16,112,182,59,0.45,0.011,0.002,2.4,1.1,0.045,0.194,0.101,0.05,6,0.43,61,0,1
3980003678,29135,"Alessi Spread, Roasted Garlic",Alessi,"Food,Grocery",2016-11-05T22:55:13Z,2016-11-05T22:55:13Z,VIGO IMPORTING COMPANY INC,"Garlic,Soybean Oil,Alessi Extra Virgin Olive Oil,Alessi Sea Salt,Phosphoric Acid,Sodium Benzoate and Potassium Sorbate,as Preservatives.",40,3.31,0.548,0.88,4.79,0,4.79,116,0.05,11,89,151,190,0.42,0.011,0.002,2,1,0.034,0.154,0.058,0.034,5,0.22,14,0.05,0
701197240315,29136,"Frito-lay Salted In-shell Peanuts, 4.5 Oz",Frito-Lay,"Food,Grocery",2016-04-17T09:38:57Z,2016-11-07T19:24:33Z,Frito-Lay,Peanuts And Salt. Contains Peanut Ingredients. Allergy Information: This Product Is Made On Equipment That Also Makes Products Containing Tree Nuts.,61,3.1,2.154,3.46,4.46,0,4.46,101,0.05,5,86,253,3,0.38,0.01,0.004,2,0.9,0.02,0.105,0.043,0.034,5,0.36,29,0.08,1.3
797776236916,29141,Polaner All Fruit Apricot Spreadable Fruit 10 Oz  (pack of 12),Polaner All Fruit,"Food,Grocery",2017-01-23T05:30:59Z,2017-01-23T05:30:59Z,B&G Foods,"Juice Concentrates (Pear, Grape, Pineapple),Apricots,Citric Acid,Fruit Pectin,Natural Flavor.",496,26.32,16.742,26.71,38.42,0,38.42,912,0.47,85,776,1330,371,3.34,0.08,0.04,16.3,8.6,0.283,1.205,0.646,0.302,37,3.25,258,0.58,10.5
797776236923,29151,Manischewitz B58089 Manischewitz Natural Chicken Broth-12x14 Oz,Manischewitz,"Food,Grocery",2017-01-07T20:09:55Z,2017-01-07T20:09:55Z,MANISCHEWITZ,"Chicken Stock,Salt Flavorings,Chicken Fat,Yeast Extract,Sugar,Vegetable Juice Concentrate (Carrot, Celery and Onion),.",362,36.16,0.499,0.77,51.98,0,51.98,1257,0.32,110,968,1794,535,4.08,0.041,0.02,27.3,6.8,0.415,1.55,0.951,0.361,50,4.03,6,0,0
797776236909,29160,"Dry Onion & Garlic: Coarse Grind Blend W/parsley California Style Garlic Powder, 6 Oz",MCCORMICK CALIFORNIA STYLE,"Food,Grocery",2017-01-05T23:33:19Z,2017-01-05T23:33:19Z,"McCormick & Co., Inc.","Garlic,Sunflower Oil,and Parsley.",358,35.1,0.467,0.72,52.19,0,52.19,1231,0.31,117,985,1705,549,4.41,0.041,0.02,27.3,5.6,0.413,1.744,0.891,0.345,50,3.99,709,0.01,11
797776236886,29161,Pudding European Style Rice,Kozy Shack,"Food,Grocery",2017-01-07T20:19:16Z,2017-01-07T20:19:16Z,"Kozy Shack Enterprises, LLC","Reduced Fat Milk,Sugar,Rice,Contains Less Than 2 of Eggs,Natural Flavor,Salt,Annatto Extract (Color),Ground Vanilla Beans.",354,35.5,0.124,0.2,51.8,0,0,280,0.32,60,1011,680,2280,4.03,0.016,0.008,27.3,6.7,0.163,1.642,0.665,0.298,50,3.98,2,0,0
797776236862,29162,"Badia Chamomile, .25 Oz",Badia,"Food,Grocery",2017-01-07T20:21:05Z,2017-01-07T20:21:05Z,Badia Spices Inc.,"Chamomile. Renowned for its natural sedative properties,Little flowers are most commonly used in teas prepared for the relief of insomnia and mild digestive disorders,Infusion can also be used to soothe skin burns,Gluten free",387,34.3,3.598,5.78,49,0,49,1184,0.3,110,933,1592,517,4.02,0.111,0.023,20.3,5.7,0.392,1.579,0.876,0.338,47,3.82,49,0.1,0.5
797776236879,29163,Superseedz - Gourmet Pumpkin Seeds Tomato Italiano - 5 Oz.,SUPER SEEDZ,"Food,Grocery",2017-01-07T20:28:33Z,2017-01-07T20:28:33Z,Superseedz,"Shelled Pumpkin Seeds,Crushed Tomato,Granulated Garlic,Granulated Onion,Dried Basil,Unrefined Sea Salt,Dried Parsley,Dried Oregano,Black Pepper.",321,7.91,5.486,8.7,54.4,0,54.4,284,0.19,26,253,371,127,0.94,0.015,0.006,14.8,2.6,0.09,0.416,0.21,0.051,11,0.44,74,0.16,0.2
797776236893,29164,Ground Cinnamon,Dry-Spice,"Food,Grocery",2016-11-03T10:12:28Z,2016-11-03T10:12:28Z,"Mccormick & Company, Inc.",Ground Cinnamon.,134,6.81,4.591,7.56,10.04,0,10.04,261,0.19,24,203,303,106,0.77,0.016,0.006,2.3,1.9,0.047,0.316,0.194,0.05,8,0.16,65,0.14,2
797776236817,29165,"Go Organic Hard Candies, Organic, Apple",GO ORGANIC,"Food,Grocery",2017-01-07T20:27:38Z,2017-01-07T20:27:38Z,GO NAT ORGANIC CANDY APPLE 3.5 OUNCES 6 COUNT,"Organic Evaporated Cane Juice,Organic Brown Rice Syrup,Citric Acid,Natural Apple Flavor.",78,7.55,0.121,0.2,11.35,0,11.35,290,0.29,27,195,332,115,0.9,0.016,0.006,2.5,1.2,0.045,0.309,0.174,0.055,9,0.24,118,0,2
797776236848,29166,Oscar Mayer Beef Bologna Cold Cuts 12 Oz. Pack,Oscar Mayer,"Food,Grocery",2017-01-07T20:11:50Z,2017-01-07T20:11:50Z,"Kraft Foods, Inc.","Beef,Water,Corn Syrup,Contains Less Than 2 of Salt,Sodium Lactate,Flavor,Dextrose,Hydrolyzed Beef Stock,Autolyzed Yeast,Sodium Phosphates,Sodium Diacetate,Sodium Ascorbate,Sodium Nitrite,Extractives of Paprika.",83,3.17,2.104,3.39,10.34,0.8,9.54,112,0.24,13,101,167,60,0.41,0.065,0.077,1.9,0.9,0.037,0.162,0.125,0.04,5,0.33,27,0.07,1.3
797776236831,29167,"Spice Islands: Paprika Spice, 2.1 Oz",Spice Islands,"Food,Grocery",2015-10-31T00:43:05Z,2016-11-04T23:12:16Z,Spice Island,"Paprika,Less Than 2 Silicon Dioxide To Prevent Caking.",76,2.99,1.177,1.9,12.13,0.7,9.55,109,0.24,14,102,169,66,0.39,0.075,0.062,3.4,0,0.045,0.183,0.164,0.024,2,0.33,64,0.04,1.2
797776236824,29168,"Life Savers Sugar Free Wild Cherry Hard Candy, 2.75 Oz",Life Savers,"Food,Grocery",2016-02-20T21:43:38Z,2016-10-05T22:30:30Z,Wm. Wrigley Jr. Company,"Isomalt,Citric Acid,Natural And Artificial Flavors,Sucralose,Colors (Red 40, Blue1),.",62,3.46,0.584,1,9.86,0.1,9.94,129,0.23,13,96,172,65,0.43,0.028,0.03,1.9,0.4,0.031,0.247,0.124,0.047,3,0.23,52,0,1.1
797776236855,29169,"Tone's: Seed Caraway, .6 Oz",Tone's,"Food,Grocery",2016-11-03T10:12:42Z,2016-11-03T10:12:42Z,Ach Food Companies,Caraway Seed,77,3.52,1.431,2.34,10.74,1,9.66,114,0.42,23,105,197,44,0.63,0.103,0.013,2.7,0.2,0.039,0.182,0.133,0.04,5,0.49,51,0.03,1.1
797776236787,29170,Salsita Jalapeno,Goya Food,"Food,Grocery",2016-11-07T00:17:19Z,2016-11-07T00:17:19Z,GOYA FOODS INC,"Water,Green Jalapeno Pepper,Salt,Acetic Acid,Fresh Onion,Citric Acid,Xanthan Gum,Ascorbic Acid,Garlic,Sodium Benzoate,Oregano Powder,Black Pepper,Artificial Colors FD&C Blue and FD&C Yellow,Cumin.",69,3.56,2.667,4.14,4.45,0,4.45,134,0.05,14,111,204,50,0.3,0.046,0.018,1.4,1.3,0.048,0.138,0.277,0.046,1,0.07,57,0.07,1.3
797776236770,29171,Badia Annato Seed 10 Oz -pack of 12,Badia,"Food,Grocery",2017-01-23T05:26:32Z,2017-01-23T05:26:32Z,Badia,Annato seed,70,1.03,2.009,4.38,6.89,0,6.89,32,0.03,3,14,51,17,0.17,0.052,0.026,1.8,5,0.014,0.036,0.177,0.011,5,0.05,61,0.08,0.1
797776236800,29172,"Cedar's Smooth N' Creamy Roasted Garlic Hommus, 12 Oz",Cedar's,"Food,Grocery",2016-03-14T17:00:04Z,2016-06-20T08:22:09Z,Cedar's,"Fresh Steamed Chickpeas,Sesame Tahini,Water,Sunflower Il,Olive Oil,Roasted Garlic,Citric Acid,Salt,Gum Arabic,Spices,1/10 of 1% Sodium Benzoate,Potassium Sorbate (to Preserve Freshness),.",97,3.75,4.597,6.89,5.18,0,0,169,0.12,31,117,178,52,0.22,0.046,0.018,0,2.3,0.052,0.135,0.091,0.023,6,0.36,53,0,0
797776236794,29173,Spice Bottle Pink Himalayan Salt Fine Grind,Unbranded,"Food,Grocery",2016-11-04T03:05:42Z,2016-11-04T03:05:42Z,"LEEDS ENG., OLDE THOMPSON DIV",Himalayan Pink Salt.,108,5.98,4.603,7,5.36,0,0,193,0.1,18,158,137,44,0.54,0.046,0.018,1.7,4.2,0.065,0.355,0.417,0.06,7,0.71,44,0,0
797776236756,29174,Bonne Maman Plum Preserves,Bonne Maman,"Food,Grocery",2016-11-15T12:58:23Z,2016-11-15T12:58:23Z,American Marketing Team,"Damson Plum,Sugar,Cane Sugar,Concentrated Lemon Juice,Fruit Pectin.",119,3.05,1.681,2.7,21.15,0.3,20.85,132,0.31,16,126,224,111,0.48,0.065,0.039,1.9,0,0.047,0.222,0.124,0.025,5,0.32,18,0.05,1
797776236749,29175,"Tone's: Powder Hot Chili, .75 Oz",Tone's,"Food,Grocery",2016-11-05T22:53:30Z,2016-11-05T22:53:30Z,Ach Food Companies,"Chili Pepper and Other Spices,Salt,Garlic Powder and Red Pepper",112,3.86,1.886,3.03,17.75,0,17.75,146,0.1,12,115,183,95,0.39,0.051,0.014,2.3,0,0.03,0.195,0.146,0.042,7,0.52,25,0.05,1.2
797776236763,29177,"Morton Table Salt, 4 Lbs.",Morton,"Food,Grocery",2016-11-07T01:01:37Z,2016-11-07T01:01:37Z,Morton Salt,"Salt,Calcium Silicate (An Anti-Caking Agent)",24,0.76,0.057,0.09,5.12,0,5.12,103,0.08,10,78,143,48,0.43,0.003,0.002,1.8,0.1,0.042,0.14,0.079,0.042,2,0.18,2,0,0
797776236701,29178,"Mccormick Pure Vanilla Extract, 8 Fl Oz",McCormick,"Food,Grocery",2016-11-05T18:51:50Z,2016-11-05T18:51:50Z,Mccormick,"Vanilla Bean Extractives In Water,Alcohol (35),and Corn Syrup. Value priced,Kosher",339,11.73,0.342,0.54,73.45,0,73.45,2054,1.24,199,1349,2289,968,6.31,0.05,0.015,27.3,0.9,0.622,2.06,1.16,0.62,33,2.5,17,0,0
797776236688,29180,Bouillon Chicken Reduced Sodium,Knorr,"Food,Grocery",2017-01-07T20:10:06Z,2017-01-07T20:10:06Z,Unilever,"Salt,Partially Hydrogenated Cottonseed Oil,Monosodium Glutamate,Corn Starch,Chicken Fat,Hydrolyzed Corn Protein,Sugar,Dried Chicken Meat,Onion Powder,Water,Garlic Powder,Turmeric,Caramel Color,Parsley,Spices,Citric Acid,Disodium Guanylate,Disodium Inosinate.",27,0.85,0.23,0.36,5.14,0,5.14,47,0.06,8,46,161,54,0.13,0.004,0.001,1.9,0.1,0.036,0.158,0.074,0.031,1,0.28,3,0,0
797776236718,29181,Syrup Apple,ANDER PURE,"Food,Grocery",2016-11-09T17:28:03Z,2016-11-09T17:28:03Z,ANDERSON'S MAPLE SYRUP INC,Apple Juice and Sugar.,353,12.93,0.684,1.07,74.46,0,74.46,796,0.88,176,932,2080,1079,1.97,0.07,0.009,27.2,1.5,0.519,2.208,1.258,0.584,12,2.37,8,0.02,0
797776236695,29182,"Jelly Belly Jelly Beans, Kids Mix",Jelly Belly,"Food,Grocery",2015-09-11T04:34:29Z,2016-11-04T23:24:19Z,Jelly Belly,"Sugar,Corn Syrup,Modified Food Starch,Contains 2 or Less of the Following: Peach Puree Concentrate,Raspberry Puree,Strawberry Juice Concentrate,Apple Juice Concentrate,Cherry Juice Concentrate,Watermelon Juice Concentrate,Lime Juice Concentrate,Blueberry Puree,Lemon Puree,Orange Puree,Citric Acid,Fumaric Acid,Lactic Acid,Sodium Citrate,Sodium Lactate,Ascorbic Acid,Tapioca Dextrin,Chocolate Liquor,Cocoa Butter,Soy Lecithin (an Emulsifier),Cocoa Powder,Natural and Artificial Flavors,Color Added,Red 40 Lake,Red 40,Yellow 5 6 Lake,Yellow 5 6,Blue 1 2 Lake,Blue 1,Beeswax,Carnauba Wax,Confectioner's Glaze,Salt.",61,3.47,2.096,3.25,4.66,0,4.66,121,0.05,12,95,155,46,0.59,0.009,0.004,2.2,0.5,0.029,0.142,0.075,0.032,7,0.37,27,0.06,0.1
797776236725,29185,"Tone's: Minced Garlic, .9 Oz",Tone's,"Food,Grocery",2016-11-03T10:12:37Z,2016-11-03T10:12:37Z,Ach Food Companies,Garlic Minced,63,5.25,1,1.55,7.04,0,7.04,183,0.08,17,144,234,70,0.89,0.013,0.004,3.3,0.8,0.044,0.214,0.114,0.049,11,0.56,14,0.03,0
797776236732,29186,"Smucker&#39;s: Boysenberry Sugar Free Preserves, 12.75 Oz",Smucker's,"Food,Grocery",2016-11-05T09:13:27Z,2016-11-05T09:13:27Z,The J.M. Smucker Company,"Water**,Boysenberries+,Polydextrose**,Maltodextrin**,Fruit Pectin,Locust Bean Gum**,Citric Acid,Natural Flavor**,Potassium Sorbate (Preservative),Sucralose (Non Nutritive Sweetener),**,Calcium Chloride**,Red 40*8,Blue 1**. **Ingredients Not In Regular Preserves. +Adds A Trivial Amount Of Sugar. <0.5G/Serving.",56,5.73,0.116,0.18,7.68,0,7.68,199,0.09,19,157,255,77,0.97,0.015,0.005,3.6,0.9,0.048,0.234,0.124,0.053,12,0.61,2,0,0
797776236657,29187,Steak and Burger Seasoning,Olde Thompson,"Food,Grocery",2016-11-04T03:04:46Z,2016-11-04T03:04:46Z,Olde Thompson Inc,"Sea Salt,Spices (Black Pepper, Dill Seed, Coriander, Red Pepper),And Dehydrated Garlic.",85,4.93,0.806,1.25,13.8,0,13.8,171,0.07,16,135,219,66,0.83,0.013,0.004,4.9,0.8,0.042,0.201,0.107,0.045,11,0.53,12,0.02,0
797776236640,29190,"Rokeach Whitefish-pike, Ready-jelled Broth",Rokeach,"Food,Grocery",2017-01-09T19:58:54Z,2017-01-09T19:58:54Z,Rokeach,"Water,Whitefish,Egg Whites,Sugar,Pike,Salt,Matzo Meal (Passover Wheat Flour and Water),Onion,Monosodium Glutamate,Xanthan Gum,Carob Seed Gum,Pepper,Natural Flavorings.",99,3.98,0.742,1.15,18.64,0,18.64,138,0.06,13,109,177,53,0.67,0.079,0.064,2.8,0.6,0.034,0.162,0.086,0.037,9,0.43,11,0.02,0
797776236664,29191,"Mexene Original Chile Powder Seasoning, 2 Oz",Mexene,"Food,grocery",2016-11-05T22:49:51Z,2016-11-05T22:49:51Z,Bruce Foods Inc.,"Chili Pepper,Salt,Cumin,Oregano,Garlic,Silicon Dioxide.",102,4.37,0.697,1.08,19.05,0,19.05,152,0.07,15,119,195,58,0.74,0.08,0.065,3.1,0.7,0.037,0.178,0.095,0.04,9,0.47,10,0.02,0
797776236671,29192,Erin Baker's Homestyle Granola,Erin Baker's,"Food,grocery",2017-01-16T15:29:24Z,2017-01-16T15:29:24Z,Erin Baker's,"Whole Grain Oats,Honey,Expeller Pressed Canola Oil,Chocolate Chunks (Sugar, Chocolate Liquor, Anhydrous Dextrose, Cocoa Butter, Soy Lecithin, Vanilla Extract),Oat Bran,Molasses,Ground Flax Seed,Cocoa,Vanilla Extract,Sea Salt.",105,4.86,0.909,1.41,18.6,0,0,169,0.07,16,133,216,65,0.82,0.08,0.065,3.1,0.7,0.041,0.198,0.105,0.045,10,0.52,0,0,0
797776236602,29193,Yum Earth - Organic Gluten Free Gummy Worms - 4 Oz.,Yum Earth,"Food,Grocery",2016-03-21T17:49:45Z,2016-09-25T04:49:41Z,YUMMY EARTH LLC,"Organic Brown Rice Syrup,Organic Cane Sugar,Gelatin,Natural Flavors,Organic Fruit Juice (Apple and/or Pear, Black Carrot, Pomegranate),Citric Acid,Malic Acid,Ascorbic Acid,Organic Sunflower Oil,Organic Carnauba Wax.",143,12.56,3.126,9.51,0.72,0,0.37,56,1.75,12,198,138,142,1.29,0.072,0.028,30.7,0,0.04,0.457,0.075,0.17,47,0.89,160,1.05,2
797776236596,29199,"Streits Soup Base, Chicken Flavor",Streit's,"Food,Grocery",2017-01-07T20:10:07Z,2017-01-07T20:10:07Z,STREIT'S,"Potato Starch,Tapioca Dextrin,Salt,Partially Hydrogenated Cottonseed Oil,Cottonseed Oil,Spices,Turmeric,Natural and Artificial Flavor.",52,10.9,0,0.17,0.73,0,0.71,7,0.08,11,15,163,166,0.03,0.023,0.011,20,0,0.004,0.439,0.105,0.005,4,0.09,0,0,0
797776236619,29207,Arbol Chili Pods,Orale!,"Food,Grocery",2016-10-27T04:28:52Z,2016-10-27T04:28:52Z,Lisy Corp,Arbol Chili Pods.,322,15.86,9.551,26.54,3.59,0,0.56,129,2.73,5,390,109,48,2.3,0.077,0.055,56,0,0.176,0.528,0.024,0.35,146,1.95,381,2.58,5.4
797776236626,29209,"Orale Ground Cumin, 1.25 Oz",Orale!,"Food,Grocery",2016-11-15T13:02:43Z,2016-11-15T13:02:43Z,Lisy Corp,Ground Cumin.,296,15.53,8.615,25.6,0.81,0,0.16,134,4.55,11,420,121,67,3.17,0,0.078,56.4,0,0.223,0.563,0.031,0.412,151,1.9,419,2.24,6
797776236633,29212,"Progresso 100% Natural Beef Flavored Broth, 32.0 Oz",Progresso,"Food,Grocery",2017-01-07T20:09:54Z,2017-01-07T20:09:54Z,"General Mills, Inc.","Water,Beef Broth,Sea Salt,Yeast Extract,Sugar,Natural Flavor,Salt,Evaporated Cane Juice,Beef Tallow*,Spices,Onion Powder,Beef,Garlic Powder,Gelatin.*Adds a trivial amount of Fat.",307,13.87,7.11,22.82,10.95,0,10.3,124,3.7,10,404,105,70,3.06,0.012,0.08,53.5,0,0.14,0.523,0.037,0.398,174,1.64,316,2.25,3.1
797776236527,29213,Rosemary,Spice Islands,"Food,Grocery",2016-11-04T03:05:35Z,2016-11-04T03:05:35Z,Tones Spices,"Rosemary Is An Evergreen Herb Native to The Mediterranean Region And Is A Nostalgic Herbal Symbol For Remembrace And Fidelity. Rosemary's Assertive Flavor Blends Well With Garlic to Season Lamb,Chicken And Pork. Use to Flavor Lighter Fish Dishes,Tomato Sauces And Roasted Garlic.",196,13.61,4.323,14.84,0.83,0,0.4,62,1.89,13,215,152,207,1.39,0.078,0.03,33.1,0,0.044,0.495,0.082,0.184,51,0.97,219,1.31,2.2
797776236534,29216,Fruit Sprd Strawberry Peach (pack of 6),Sarabeth's,"Food,Grocery",2016-11-05T22:55:14Z,2016-11-05T22:55:14Z,SBK PRESERVES INC,"Strawberries,Sugar,Peaches,Dried Peaches (Contains Sulfur Dioxide to Promote Color Retention),Lemon Juice.",155,12.58,3.267,10.61,1.12,0,1.12,50,1.19,10,172,126,124,1.05,0.013,0.026,30.8,0,0.066,0.513,0.064,0.121,44,1.11,149,1.03,2.2
797776236541,29217,Cinnamon Powder,Badia,"Food,Grocery",2017-01-07T20:29:18Z,2017-01-07T20:29:18Z,Badia Spices Inc.,"Cinnamon Fragrant aroma and wonderful flavor*NEWLINE*,Used mainly for desserts,fruit preparations and beverages*NEWLINE*,Can also be use in meat stews,rice and vegetables*NEWLINE*,One of the oldest spices known*NEWLINE*,Gluten free",154,10.57,3.319,11.66,0.64,0,0.31,48,1.48,11,167,117,155,1.09,0.063,0.024,25.8,0,0.034,0.386,0.064,0.143,39,0.76,172,1.29,1.7
797776236558,29218,Decor Hard Cinnamon Decorating Candy,Betty Crocker,"Food,Grocery",2016-11-09T17:31:35Z,2016-11-09T17:31:35Z,Signature Brands,"Sugar,Corn Syrup,Artificial Flavor,Gum Arabic,Confectioner's Glaze,Carnauba Wax,Red 40.",143,12.51,3.113,9.47,0.71,0,0.37,56,1.75,12,197,138,297,1.29,0.072,0.028,30.6,0,0.032,0.387,0.063,0.144,35,0.71,160,1.04,2
797776236565,29219,"Underwood Roast Beef Spread, 4.25 Oz",Underwood,"Food,Grocery",2016-03-14T16:58:42Z,2016-06-20T08:19:04Z,"B&G Foods, Inc.","Beef,Water,Seasoning (Dehydrated Potatoes [Sodium Bisulfite], Hydrolyzed Corn, Wheat*, And Soy Proteins* {Torula Yeast, Monosodium Glutamate, Natural Flavors, Onion Powder, Sugar}, Nonfat Dry Milk*, Salt, Spice),Hydrolyzed Vegetable Protein (Hydrolyzed Soy Protein*, Hydrolyzed Wheat Gluten*, And Yeast Extract),. *Contains Milk,Soybeans,Wheat.",149,9.99,3.331,10.98,1.61,0,1.39,66,1.31,11,165,132,145,1.04,0.059,0.022,23.5,0,0.04,0.376,0.076,0.134,36,0.76,161,1.15,1.8
797776236572,29220,Garlic Cloves,Bellino,"Food,Grocery",2017-01-07T20:27:04Z,2017-01-07T20:27:04Z,"Cento Fine Foods, Inc.","Garlic Cloves,Water,Salt Lactic Acid.",592,48.05,15.069,43.9,1.13,0,0.56,244,7.2,34,629,540,476,3.15,0.203,0.058,164.7,0,0.183,1.977,0.34,0.499,119,2.96,300,3.88,8.3
797776236589,29223,Pine Nuts,Badia,"Food,Grocery",2017-01-07T20:28:49Z,2017-01-07T20:28:49Z,Badia Spices,Pine Nuts.,615,48.17,13.198,43.95,2.38,0,0,222,8.28,49,715,515,548,5.71,0.27,0.15,121.1,0,0.325,1.232,0.259,0.42,193,10.51,616,0,0
797776236473,29226,Fiordifrutta Raspberry Spread 8. 82 Oz -pack of 6,Fiordifrutta,"Food,Grocery",2017-01-09T20:06:20Z,2017-01-09T20:06:20Z,Rigoni Di Asiago,"Raspberry*,Apple Juice*,Pectin.*From organic farming.",351,76.92,0,0.04,4.17,0,0,83,0.23,67,83,1042,1156,0.15,0.23,0.07,116.8,0,0.035,2.162,0.675,0.023,89,0.49,0,0,0
797776236480,29227,"Orale Medium Hot Guajillo Family Pack Chili Pods, 12 Oz",Orale!,"Food,Grocery",2016-11-04T03:05:29Z,2016-11-04T03:05:29Z,Lisy Corp,Guajillo Chili Pods.,376,82.4,0,0.04,4.47,0,0,89,0.24,72,89,1116,1238,0.16,0.17,0.05,125.1,0,0.037,2.316,0.723,0.024,96,0.53,0,0,0
797776236497,29228,Chorizo,Goya Food,"Food,Grocery",2017-01-07T20:17:35Z,2017-01-07T20:17:35Z,"GOYA FOODS, INC.","Pork,Maltodextrin,Salt,Paprika,Water,Citric Acid,Spices,Sugar,Wine,Garlic,Extractives of Paprika,Sodium Erythorbate,Sodium Nitrite,Natural Smoke Flavor.",669,33.63,20.334,59.13,0.66,0,0.23,289,9.56,26,1040,264,149,7.73,0,0.185,139.3,0,0.387,1.257,0.083,0.742,209,5.11,477,4.81,10.4
797776236503,29230,"Roland Marinated Mussels, 7 Oz",Roland,"Food,Grocery",2016-11-07T00:06:20Z,2016-11-07T00:06:20Z,American Roland Food Corp,"Mussels,Water,Vinegar,Sugar,Salt,Spices,Citric Acid. May Contain Shell Fragments.",185,12.81,3.681,13.77,1.45,0,0.93,64,3.85,17,220,222,146,1.41,0.062,0.038,36.4,0,0.156,0.404,0.2,0.25,80,5.4,194,1.34,1.7
797776236510,29232,"Mrs. Renfro's Raspberry Chipotle Salsa Medium, 16.0 Oz",Mrs. Renfro's,"Food,Grocery",2015-10-31T00:43:20Z,2017-01-07T20:28:27Z,"Renfro Foods, Inc","Tomatoes,Water,Seedless Raspberry Puree,Brown Sugar,Green Chile Peppers,Sweet Green Peppers,Onions,Distilled Vinegar,Corn Starch,Salt,Jalapeno Peppers,Garlic,Chipotle Pepper,Spices,Cilantro,Ancho Chile Pepper.",185,13.87,3.595,13.27,1.35,0,0.94,60,3.64,16,208,210,138,1.33,0.062,0.038,36.9,0,0.147,0.382,0.189,0.236,76,5.1,187,1.29,1.7
797776236404,29233,New Weber Chicago Steak Seasoning Grilling 2.5oz ~ Free S/h,Weber,"Food,Grocery",2017-01-12T05:51:49Z,2017-01-12T05:51:49Z,Ach Food Companies Inc,"Sea Salt,Garlic,Spices,Onion,Red Bell Pepper and Red Pepper. All natural.,Made with 100 sea salt.,Rub into beef or pork roasts or season mushrooms,bell peppers and potatoes,Gluten free.",158,13.05,3.557,11.09,0.41,0,0.4,64,3.65,13,226,132,141,1.47,0.062,0.038,32,0,0.13,0.79,0.15,0.15,66,1.58,156,1.08,1.4
797776236411,29234,"Hershey's Whatchamacallit King Size Candy Bar, 2.6 Oz",HERSHEY'S,"Food,Grocery",2016-03-28T00:34:20Z,2016-09-12T17:12:34Z,Hershey,"Sugar,High Fructose Corn Syrup,Crisp Rice,Partially Hydrogenated Vegetable Oil (Palm Kernel And Soybean Oil),Vegetable Oil (Cocoa Butter, Palm, Shea, Sunflower And/Or Safflower Oil),Partially Defatted Peanuts,Nonfat Milk,Chocolate,Partially Hydrogenated Coconut Oil,Corn Syrup Solids,Whey (Milk),Contains 2% Or Less of: Dairy Butter (Milk),Milk Fat,Salt,Mono- And Diglycerides,Soy Lecithin,Molasses,Barley Malt,Vanillin,Artificial Flavor,Disodium Phosphate. Contains Milk,Soy,And Peanut.",171,13.68,3.632,11.88,1.15,0,0,99,4.1,13,170,142,151,1.58,0.062,0.038,34.3,0,0.11,0.47,0.024,0.131,71,1.69,166,0,0
797776236428,29235,"Jelly Belly Jelly Beans, Sours",Jelly Belly,"Food,Grocery",2016-09-23T13:12:32Z,2016-10-05T22:30:54Z,Jelly Belly,"Sugar,Corn Syrup,Modified Food Starch,Contains 2% or Less of the Following Apple Juice Concentrate,Grape Juice Concentrate,Lemon Puree,Cherry Juice Concentrate,Orange Puree,Citric Acid,Fumaric Acid,Sodium Citrate,Sodium Lactate,Natural and Artificial Flavors,Color Added,Red 40 Lake,Blue 1 & 2 Lake,Yellow 5 & 6 Lake,Beeswax,Carnauba Wax,Confectioner's Glaze.",444,55.5,3.766,13,21.8,0,21.8,326,3.16,65,478,744,800,1.82,0.207,0.08,127.7,0.8,0.226,1.76,0.577,0.143,125,3.52,369,1.26,0
797776236435,29236,"Dickinsons Spreadable Fruit, Red Raspberry",dickinson,"Food,Grocery",2016-11-09T17:28:42Z,2016-11-09T17:28:42Z,"THE DICKINSON FAMILY, INC.","Fruit Syrup,Red Raspberries,Lemon Juice Concentrate,Fruit Pectin.",717,0.85,50.489,81.11,0.06,0,0.06,24,0.02,2,24,24,11,0.09,0.016,0.004,1,0,0.005,0.034,0.042,0.003,3,0.17,684,2.32,0
797776236442,29237,"Mccormick Cinnamon Saigon Ground Organic, 1.5 Oz (pack of 3)",McCormick,"Food,Grocery",2016-11-07T00:21:12Z,2016-11-07T00:21:12Z,"McCormick & Co., Inc.",100% Organic Cinnamon,415,37.86,17.37,27.34,3.41,0,0.9,1253,0.87,51,735,97,1696,3.19,0.037,0.023,23.9,0,0.041,0.352,0.287,0.105,8,1.4,229,0.25,0.5
797776236459,29238,"Tone's: Powder Garlic, .9 Oz",Tone's,"Food,Grocery",2016-10-27T04:29:32Z,2016-10-27T04:29:32Z,Ach Food Companies,Garlic Powder,34,3.37,0.051,0.08,4.96,0,5.09,122,0.03,11,101,156,42,0.42,0.013,0.003,3.1,0,0.045,0.182,0.094,0.037,5,0.5,2,0.01,0
797776236466,29239,Latkes Mix,Streit's,"Food,Grocery",2017-01-07T20:28:57Z,2017-01-07T20:28:57Z,Aaron Industries Inc.,"Potatoes (Mono Diglycerides Sodium Acid Pyrophosphates),Potato Starch,Onions,Matzo Meal (Passover Wheat flour Water),Cottonseed Oil,Salt,Potassium Chloride.",56,3.95,1.232,1.98,5.49,0,0,143,0.06,15,112,182,59,0.41,0.011,0.002,2.6,1.1,0.045,0.194,0.101,0.046,5,0.39,17,0,0
797776236329,29240,"Badia Sea Salt Grinder, 4.25 Oz",Badia,"Food,Grocery",2016-08-04T03:55:26Z,2016-08-04T03:55:26Z,Badia Spices Inc.,"Sea Salt,Yellow Prussiate of Soda. Does Not Supply Iodide. Pure,Distinctive flavor,Dissolves quickly upon contact with moisture,Harvested from the waters of the Pacific Ocean,Kosher",134,6.81,4.591,7.56,10.04,0,0,261,0.19,24,203,303,106,0.77,0.016,0.006,2.3,1.9,0.047,0.316,0.194,0.05,8,0.16,0,0,0
797776236312,29241,"El Rio All Natural Seasoning Mix Taco, 1.25 Oz",El Rio,"Food,Grocery",2017-01-12T05:51:52Z,2017-01-12T05:51:52Z,"World Finer Foods, Inc.","Unbleached Wheat Flour,Salt,Dextrose,Minced Onion*,Natural Flavor (Flavor, Salt, Yeast Extract, and Maltodextrin),Ground Chili Peppers*,Onion Powder,Spices and Spice Extracts,Soybean Oil,Garlic Powder,Paprika Extract (for Color and Flavor),Paprika Extract (for Color and Flavor),Paprika,and Parsley*.*Dehydrated.",362,36.16,0.499,0.77,51.98,0,51.98,1257,0.32,110,968,1794,535,4.08,0.041,0.02,27.3,6.8,0.415,1.55,0.951,0.361,50,4.03,653,0,11
797776236336,29242,"Love Grown Oat Clusters, Raisin Almond Crunch",LOVE GROWN,"Food,Grocery",2017-01-07T20:28:41Z,2017-01-07T20:28:41Z,LOVE GROWN FOODS,"Certified Gluten-Free Oats,Evaporated Cane Juice,Almonds,Raisins (Raisin, Sunflower Oil),Canola Oil,Coconut,Sunflower Seeds,Vanilla,Flaxseed,Cinnamon,Sea Salt.",358,35.1,0.47,0.72,52.19,0,52.19,1231,0.31,117,985,1705,549,4.41,0.041,0.02,27.3,5.6,0.413,1.744,0.891,0.345,50,3.99,4,0.01,0
797776236343,29243,Sathers Artificially Flavored Cherry Slices Candy #10103 4.85 Oz - 12 Ea,Sathers Candy,"Food,grocery",2016-05-05T01:06:38Z,2016-09-25T04:56:42Z,Sathers Candy,"Corn Syrup,Sugar,Modified Food Starch (Corn),Artificial Flavor,Red 40.",452,30.52,24.609,35.59,2.17,0,2.17,895,1.88,54,729,48,423,1.59,0.627,0.252,5.5,0,0.14,1.19,2.4,0.08,4,0.12,486,0.31,0.7
797776236350,29244,"Dickinsons Spreadable Fruit, Boysenberry, Seedless",dickinson,"Food,Grocery",2016-11-09T17:28:40Z,2016-11-09T17:28:40Z,"THE DICKINSON FAMILY, INC.","Fruit Syrup,Boysenberries,Water,Lemon Juice Concentrate,Fruit Pectin.",364,21.58,20.639,29.84,0.12,0,0.12,298,1.62,29,375,158,415,0.66,0.564,0.093,3.8,0,0.072,0.676,1.148,0.06,2,0.22,407,0.26,0.5
797776236367,29245,Cinnamon Sticks,Spice Islands,"Food,Grocery",2016-11-09T17:27:42Z,2016-11-09T17:27:42Z,Spice Island,"Cinnamon Quills Or Sticks Are An Ancient Spice With Culinary Roots Dating To Pre-Biblical Times. Today,Spice Islands Selects Only The Finest-Quality Whole Cinnamon For Our Cinnamon Sticks. Use Cinnamon Sticks To Add A Festive Note And Aromatic Flavor To Spiced Cider,Tea And Coffee. Cinnamon Sticks Also Add Depth To Stewed Meat,Soups,Pickles,Puddings And Compotes. Try A Cinnamon Stick In Homemade Apple Pie,Cranberry Or Blueberry Sauce. Add A Cinnamon Stick While Heating Milk To Make Custard,Vanilla Sauce Or Pudding.",264,18.52,14.575,21.08,0,0,0,140,1.9,16,256,26,459,0.92,0.732,0.1,2.8,0,0.07,0.38,0.43,0.25,12,0.19,288,0.18,0.4
797776236374,29246,"Hodgson Mill Gluten Free Lasagna Brown Rice Pasta, 8 Oz",Hodgson Mill,"Food,Grocery",2016-09-27T03:36:00Z,2016-09-27T03:36:00Z,Hodgson Mill Inc.,"100% Whole Grain Brown Rice Flour,Milled Golden Flax Seed.",275,14.07,7.159,22.93,1.77,0,0.07,113,3.4,7,414,111,3487,2.87,0.121,0.065,56.9,0,0.14,0.427,0.027,0.402,112,1.61,313,2.28,3.1
797776236381,29247,"Crown Prince Fancy White Crab Meat, 6 Oz",Crown Prince,"Food,Grocery",2016-11-07T00:05:35Z,2016-11-07T00:05:35Z,Crown Prince,"Crab Meat (Crustacean Shellfish),Water,Salt,Citric Acid (Ph Regulator),Monosodium Glutamate,Sodium Sulfite (Whitening Agent),.",248,11.47,3.711,12.22,23.67,0,23.67,610,0.4,41,583,455,685,1.92,0.11,0.028,19.2,0.1,0.026,0.444,0.317,0.051,11,0.81,437,0.11,0
797776236398,29248,"S&b Oriental Hot Mustard Powder, 3 Oz",S&B,"Food,grocery",2016-11-07T00:17:31Z,2016-11-07T00:17:31Z,S&B FOODS INC,"Mustard,Turmeric.",197,10.33,8.034,14.92,5.48,0.1,0.19,311,0.35,19,229,142,493,1.26,0.019,0.04,6.6,0.6,0.044,0.243,0.204,0.045,8,0.35,82,0.09,1
797776236213,29249,"La Preferida Sardines In Tomato Sauce, 15 Oz",La Preferida,"Food,Grocery",2017-01-07T20:10:26Z,2017-01-07T20:10:26Z,LA PREFERIDA INC,"Sardines,Tomato Sauce,Spices and Salt.",373,21.44,19.033,29.98,4.63,0,4.63,680,0.47,28,444,87,1131,2.94,0.008,0.037,14.5,0,0.02,0.209,0.032,0.047,1,1.38,64,0.26,0.5
797776236220,29250,Emerils Essence Ital,Emeril's,"Food,Grocery",2017-01-16T15:37:47Z,2017-01-16T15:37:47Z,EMERIL,"Spices,Oregano,Basil,Rosemary,Parsley,Marjoram,Soybean Oil.",356,22.6,17.939,28.26,2.87,0,2.87,661,0.51,26,443,86,705,3.02,0.026,0.036,14.5,0,0.021,0.223,0.181,0.053,8,1,55,0.24,0.5
797776236237,29253,"La Preferida Salsa, Mild",La Preferida,"Food,Grocery",2016-11-04T02:00:56Z,2016-11-04T02:00:56Z,LA PREFERIDA INC,"Tomatoes (Organic),(Tomatoes (Organic), Tomato Juice (Organic), Citric Acid, Calcium Chloride),Tomato Puree (Organic),(Water, Tomato Paste (Organic)),Onions (Organic),Green Bell Peppers (Organic),Red Bell Peppers (Organic),Sea Salt,Jalapenos (Organic),Dried Cane Syrup (Organic),Vinegar (Organic),Cilantro (Organic),Spices (Organic),.",374,21.56,18.843,29.68,5.56,0,5.56,651,0.47,23,442,52,617,3.5,0.024,0.071,14.5,0,0.018,0.225,0.15,0.055,2,1.03,56,0.26,0.5
797776236244,29254,"Love Grown Oats, Hot, Strawberry Raspberry",LOVE GROWN,"Food,grocery",2017-01-07T20:28:56Z,2017-01-07T20:28:56Z,LOVE GROWN FOODS,"Certified Gluten-Free Oats,Brown Sugar,Raspberries,Strawberries,Cinnamon.",173,24.35,4.342,7,1.91,0,0.52,415,0.42,16,484,66,873,1.82,0.021,0.006,14.5,0,0.012,0.221,0.051,0.045,11,0.49,60,0.06,0.1
797776236251,29255,Vigo Octopus In Soy and Olive Oil,Vigo,"Food,grocery",2015-11-06T02:27:16Z,2017-01-07T20:11:01Z,VIGO IMPORTING COMPANY INC,"Octopus,Soy and Olive Oil,Salt Added.",398,24.35,20.768,32.62,1.91,0,0.49,703,0.72,27,484,112,21,3.09,0.036,0.011,14.5,0,0.021,0.375,0.086,0.076,18,0.83,264,0.28,0.6
797776236268,29257,"Spice Islands: Ground Nutmeg Spice, 2.1 Oz",Spice Islands,"Food,Grocery",2016-11-04T03:05:40Z,2016-11-04T03:05:40Z,Spice Island,"Originally Discovered In The Fabled Spice Islands,We Now Travel To The West Indies To Bring You This Premium-Quality Aromatic Ground Nutmeg. We Carefully Select Superior Nutmeg Nuts To Dry And Grind For Use In This Convenient Shaker. Ground Nutmeg Is A Traditional Favorite In Home Baking And Is Especially Complementary In Sweet Breads,Cakes,Muffins,Cookies And Fruit Pies. Add To Creamy Soups,Pasta And Vegetable Sauces And Eggnog.",147,12.33,3.382,9.95,1.01,0,0.25,62,1.74,9,193,135,128,1.32,0.053,0.032,37.2,0,0.067,0.523,0.103,0.188,87,1,171,0.72,2.6
797776236275,29258,"Orale Whole Allspice, 1 Oz",Orale!,"Food,Grocery",2016-11-03T10:12:57Z,2016-11-03T10:12:57Z,Lisy Corp,Whole Allspice.,48,10.2,0,0,1.04,0,0.25,8,0.04,11,13,169,169,0.07,0.032,0.007,9.2,0,0.023,0.423,0.093,0.005,10,0.03,0,0,0
797776236282,29262,Seafood Steamers Garlic Butter Seasoning and Bag,McCormick,"Food,Grocery",2016-11-09T17:28:44Z,2016-11-09T17:28:44Z,"Mccormick & Company, Inc.","Cream Solids (Milk),Nonfat Dry Milk,Butter (Cream (Milk), Salt),Garlic,Salt,Modified Corn Starch,Onion,Herb and Spice,Xanthan Gum,Silicon Dioxide (Added to Make Free Flowing),Cultured Whey (Milk),Soy Lecithin,and Annatto Extract.",382,81.1,0,0,7.8,0,5.4,62,0.15,88,111,1125,1280,0.1,0.114,0.007,125.1,0,0.005,2.53,0.865,0.036,18,0.18,0,0,0
797776236299,29263,White Crab Meat,Geisha,"Food,Grocery",2017-01-07T20:09:59Z,2017-01-07T20:09:59Z,"Jfe Shoji Trade America, Inc.","Crab Meat,Water,Salt,Salt Sodium Acid Pyrophosphate (to Maintain Flavor And Firmness),Citric Acid,Calcium Disodium Edta (to Retain Color),Sodium Sulfite (Preservative),.",50,3.3,1.257,1.98,4.8,0,5.06,120,0.02,11,92,140,47,0.48,0.006,0.014,2.5,0.2,0.039,0.185,0.092,0.038,5,0.53,28,0.03,0
797776236305,29264,"Iced Tea, Lemon, 16 fl oz (473 ml)",Snapple,"Food & Grocery,Beverages,Tea,Food,Grocery",2017-01-18T18:47:54Z,2017-06-22T19:11:18Z,Snapple Beverage Corp,"Filtered Water,Sugar,Citric Acid,Tea,Natural Flavors.",42,3.37,0.633,0.97,4.99,0,5.2,125,0.03,11,95,150,44,0.42,0.01,0.003,3.3,0,0.02,0.185,0.093,0.037,5,0.47,14,0.01,0
797776236060,29265,Crunch Candy Bars 2.7 oz,Nestle,"Food & Grocery,Gum & Candy,Chocolate,Food,Grocery",2016-03-04T06:52:26Z,2017-07-30T04:44:08Z,Nestle,"Milk Chocolate (Sugar, Chocolate, Cocoa Butter, Nonfat Milk, Lactose, Milkfat, Soy Lecithin, Vanillin--An Artificial Flavor),Crisped Rice (Rice Flour, Sugar, Barley Malt, Salt),. Contains: Milk And Soy Ingredients. May Contain: Peanuts,Nuts And Wheat.",181,7,8.7,14.1,7,0,0.3,141,0.06,11,85,211,70,0.27,0.01,0,4.1,0.9,0.04,0.24,0.07,0.02,11,0.3,119,0.4,0.3
797776236077,29266,Dell'alpe Hot Giardiniera - 16oz,Dell'Alpe,"Grocery & Gourmet Food,Food,Canned Vegetables,Grocery",2015-10-30T22:19:07Z,2016-08-04T04:15:39Z,Dell' Alpe,"Peppers,Soybean Oil,Celery,Olives,Vinegar,Salt,Spices.",136,3.5,6.6,10.6,7.1,0,0.22,141,0.07,10,71,212,83,0.5,0.016,0,3.1,0.9,0.04,0.12,0.07,0.02,11,0.42,90,0.3,0.2
797776236084,29267,"A.C. Legg INC #10 Pork Sausage Seasoning, 8 oz",Old Plantation,"Poultry Seasoning,Grocery & Gourmet Food,Food,Grocery",2015-10-31T00:36:24Z,2017-09-12T16:02:31Z,A.C. Legg,"Salt, Red Pepper, Sage, Sugar and Black Pepper,Salt,Red Pepper,Sage,Sugar and Black Pepper",74,3.1,0,0,15.6,0,0.39,125,0,10,95,129,141,0.5,0.016,0,5.3,0,0.04,0.15,0.07,0.02,11,0.3,73,0,0
797776236091,29268,Bakery On Main Gluten-Free,Bakery On Main,"Grocery & Gourmet Food,grocery",2014-11-04T11:26:55Z,2017-07-20T15:03:23Z,,"Certified Gluten Free Oats, Cane Sugar, Flax Meal, Natural Flavors, Chia Seeds, Quinoa, Amaranth, Sea Salt,Certified Gluten Free Oats, Cane Sugar, Flax Meal, Freeze Dried Strawberries, Chia Seeds, Quinoa, Amaranth, Natural Flavors, Sea Salt.",282,27.2,11.58,18.3,2,0,0.58,905,0.13,35,583,93,725,4.3,0.021,0,15.5,0,0.03,0.3,0.06,0.084,20,1.66,150,0.16,0.3
797776236107,29269,Paleo Chocolate Chip Cookies with Pecans - 12 Paleo Cookies | the Perfect Paleo Snack or Treat | Gluten Free,Gourmet Paleo,"Grocery & Gourmet Food,grocery",2015-08-24T21:43:43Z,2017-07-20T22:24:52Z,,"Almonds,dates,chocolate chunks (Evaporated Cane Juice; Chocolate Liquor; Non-Dairy Cocoa Butter),pecans,unsweetened applesauce,organic coconut oil,molasses,maple syrup,vanilla extract,cinnamon,salt,baking soda.",43,3.86,0.116,0.18,7.5,0,7.5,143,0.12,13,109,177,59,0.67,0.079,0,3.1,1.1,0.034,0.162,0.086,0.037,8,0.43,2,0,0
797776236114,29270,Guava Paste,Goya Food,"Cookies,Other Grocery,Food,Grocery",2017-01-14T19:31:02Z,2017-01-14T19:31:02Z,"GOYA FOODS, INC.","Guava Pulp,Refined Sugar,Citric Acid,FDC Red 3,FDC Red 40,Pectin.",370,40,3.11,5,40,0,1.5,800,5,40,700,600,1150,3,0.02,0,43.3,0,0.05,0.05,0.2,0.1,25,1.1,40,0.04,0
797776236121,29271,"Chunky Candy Bar, 1.4 Oz",Chunky,"Food,Chocolate,Other Grocery,Grocery",2015-10-30T21:02:14Z,2016-10-05T22:29:55Z,Nestle Usa/Confection,"Milk Chocolate (Sugar, Cocoa Butter, Chocolate Processed With Alkali, Milk, Lactose, Milkfat, Natural and Artificial Flavors, Soy Lecithin),Raisins,Peanuts,Tbhq and Citric Acid",105,15.69,0.644,1,7.66,0,5.48,351,0.19,22,523,278,702,1.5,0.036,0.017,4.9,0,0.04,0.265,0.23,0.05,35,0.95,11,0.02,0
797776236138,29272,"Pretzel Rods, 10 oz (283.5 g)",Rold Gold,"Food & Grocery,Snacks,Pretzels,Grocery",2014-02-18T01:14:22Z,2017-07-28T13:24:52Z,Pepsi,"Enriched Flour (Wheat Flour, Niacin, Reduced Iron, Thiamine Mononitrate, Riboflavin, and Folic Acid),Vegetable Oil (Contains Partially Hydrogenated Cottonseed and/or Soybean Oil),Salt,Corn Syrup,Yeast,Malt Extract,Sodium Bicarbonate,and Ammonium Bicarbonate.",112,3.53,0,0,23.53,1.2,14.97,88,0.42,40,166,339,135,1.13,0.209,0,7,0,0.047,0.215,0.223,0.047,12,0.5,0,0,0
797776236145,29273,"Coffeehouse Series Coffee, Ground, Gourmet Supreme, Dark, 34.5 oz (2 lb 2.5 oz) (978 g)",Folgers,"Food & Grocery,Beverages,Coffee,Grocery",2014-02-18T02:16:34Z,2017-07-30T04:39:46Z,Folgers,100 Pure Coffee.,276,12,13.1,21,9.2,0.3,6.7,359,0.19,0,806,240,1638,1.64,0,0,0,0.4,0,0.24,0,0,0,0,0,0,0
797776236152,29274,"Ritz Crackers, Whole Wheat, 14.20 oz",Cheez-it,"Food & Grocery,Snacks,Crackers,Grocery",2014-02-18T01:42:10Z,2017-07-28T13:24:46Z,Kraft,"Unbleached Enriched Flour (Wheat Flour, Niacin, Reduced Iron, Thiamine Mononitrate Vitamin B1, Riboflavin Vitamin B2, Folic Acid),Whole Grain Wheat Flour,Soybean Oil,Sugar,Partially Hydrogenated Cottonseed Oil,Leavening (Calcium Phosphate and/or Baking Soda),Salt,High Fructose Corn Syrup,Soy Lecithin.",215,16.3,6.4,9.5,16.2,0.2,8.2,418,0.16,0,943,297,1705,2.36,0,0,0,0.4,0,0.33,0,0,0,0,0,0,0
797776236169,29275,"Ritz Crackers, Original, 15.1 oz",Nabisco,"Food & Grocery,Snacks,Crackers,Grocery",2014-02-18T01:41:45Z,2017-07-28T13:24:40Z,Kraft,"Unbleached Enriched Flour (Wheat Flour, Niacin, Reduced Iron, Thiamine Mononitrate Vitamin B1, Riboflavin Vitamin B2, Folic Acid),Soybean Oil,Sugar,Partially Hydrogenated Cottonseed Oil,Salt,Leavening (Baking Soda and/or Calcium Phosphate),High Fructose Corn Syrup,Soy Lecithin,Malted Barley Flour,Natural Flavor.",148,22.7,0.7,1,11.7,0.2,6.7,712,0.05,0,923,236,1298,2.5,0,0,0,0.2,0,0.28,0,0,0,0,0,0,0
797776236176,29276,"Sunshine, Cheez-It Baked Snack Crackers Variety Caddy, 12 ct, 12 oz",Cheez-It,"Crackers,Food & Grocery,Snacks,Grocery & Gourmet Food,Snack Foods,Grocery",2015-10-30T20:31:51Z,2017-09-04T11:19:39Z,Kelloggs DSD,"ENRICHED FLOUR (WHEAT FLOUR, NIACIN, REDUCED IRON, THIAMIN MONONITRATE [VITAMIN B1], RIBOFLAVIN [VITAMIN B2], FOLIC ACID),VEGETABLE OIL (SOYBEAN AND PALM OIL WITH TBHQ FOR FRESHNESS),CHEESE MADE WITH SKIM MILK (SKIM MILK, WHEY PROTEIN, CHEESE CULTURES, SALT, ENZYMES, ANNATTO EXTRACT FOR COLOR),CONTAINS TWO PERCENT OR LESS OF SALT,PAPRIKA,YEAST,PAPRIKA OLEORESIN FOR COLOR,SOY LECITHIN.",303,16.3,14.4,22,9.8,0,8.1,466,0.18,0,863,335,1499,1.84,0,0,0,0.2,0,0.35,0,0,0,0,0,0,0
797776236183,29277,Folgers Toasted Hazelnut Flavored Ground Coffee,Folgers,"Grocery & Gourmet Food,Beverages,Food & Grocery,Coffee,Ground Coffee,Food",2016-04-06T01:40:57Z,2017-09-04T05:10:38Z,J.M. Smucker,"Coffee, Artificial Flavor.,Coffee,Natural and Artificial Flavor.",222,19.6,7.1,10.6,11.8,0,8.5,574,0.14,0,1024,345,1586,2.49,0,0,0,0.1,0,0.65,0,0,0,0,0,0,0
797776236190,29278,Glazed Nuts - Cashews With Pomegranate And Vanilla - 1.5 Oz - Case Of 9,Sahale Snacks,"Food & Grocery,Bulk Food & Grocery,Bulk Snacks,Food",2015-09-20T22:28:24Z,2017-07-30T04:39:48Z,Sahale Snacks,"Cashews,Dried Apples (Apples, Sugar, Natural Pomegranate Flavor, Citric Acid, Fruit Vegetable Juice (for Color)),Organic Evaporated Cane Juice,Organic Tapioca Syrup,Brown Sugar,Natural Vanilla Extract,Sea Salt,Dried Pomegranate Juice Concentrate,Dried Orange Peel,Pure Ground Vanilla Beans.",152,4.5,7.6,12,6.5,0.1,6.4,161,0.06,0,110,210,59,0,0,0,0,1.1,0,0,0,0,0,0,0,0,0
797776236206,29279,"Wonderful Pistachios Roasted & Salted Pistachios, 10 Oz",,"Food,Grocery",2016-11-07T19:24:44Z,2016-11-07T19:24:44Z,Paramount Farms,"Pistachios,Salt.",91,4.7,0.8,1.3,15.1,0,7.2,141,0.05,0,116,219,72,0,0,0,0,1.2,0,0,0,0,0,0,0,0,0
797776046102,29280,"Roland Basmati Rice, 35.27 Oz",,"Food,Grocery",2016-11-04T02:06:16Z,2016-11-04T02:06:16Z,BRUNO SCHEIDT INC,Basmati Rice.,59,2.6,0.841,1.4,9,0,5,96,0,16,151,206,100,0.81,0.016,0.002,2.9,0.7,0.056,0.237,0.124,0.062,4,0.52,12,0.04,0
797776046119,29282,Nestlï¿½ï¿½ Coffee-mate Peppermint Mocha Coffee Creamer 50.7 Fl. Oz. Pump,Coffee-Mate,"Fresh Food,Other Grocery,Food",2015-10-23T06:01:36Z,2017-01-14T19:40:34Z,Nestle,"Sugar,Water,Partially Hydrogenated Soybean and/or Cottonseed Oil,Sodium Caseinate (a Milk Derivative),**,and Less than 2 of Natural and Artificial Flavors,Propylene Glycol,Dipotassium Phosphate,Polysorbate 60,Sodium Stearoyl Lactylate,Color Added,Sucralose (Non-Nutritive Sweetener),. ** Not a Source of Lactose.",149,3,2.869,5,25,0.4,16,108,0.03,8,68,108,72,0.31,0.019,0,3,0,0.148,0.619,0.364,0.123,17,1.48,49,0.09,0
797776046126,29283,LesserEvil Super Bites,LesserEvil,"Grocery & Gourmet Food,Chips,Food",2017-01-07T20:12:43Z,2017-08-30T11:03:38Z,LESSER EVIL BRAND SNACK CO,"White bean flour, rice blend (rice flour, brown rice), dehydrated potato, organic sunflower oil, chia powder, organic evaporated cane juice, organic red bell pepper powder, sea salt, organic tapioca solids, organic onion powder, organic tomato powder, organic garlic powder, natural flavor, organic spices, natural extractives of paprika, citric acid,White Bean Flour,Rice Blend (Rice Flour, Brown Rice),Dehydrated Potato,Organic Sunflower Oil,Tapioca Flour,Quinoa Flour,Lentil Flour,Chia Powder,Organic Evaporated Cane Juice,Organic Red Bell Pepper Powder,Sea Salt,Organic Tapioca Solids,Organic Onion Powder,Organic Tomato Powder,Organic Garlic Powder,Natural Flavor,Organic Spices,Natural Extractives of Paprika,Citric Acid.",78,2.99,1.177,1.9,12.13,0.7,9.55,194,0.24,14,76,123,66,0.39,0.075,0.062,3.4,0,0.045,0.565,0.164,0.024,2,0.33,64,0.04,0
701197233409,29284,"Sevigny's Thin Ribbon Candy, 9 Oz",Sevigny's,"Food,grocery",2016-11-04T23:01:08Z,2016-11-04T23:01:08Z,,"Sugar,Corn Syrup,Natural And Artificial Flavors,Us Certified Colors Including Yellow 5,Yellow 6,Blue 1,Red 3 Red 40.",105,4.86,0.909,1.41,18.6,0,2.9,152,0.07,16,133,194,58,0.82,0.08,0.065,3.1,0.7,0.041,0.18,0.105,0.045,10,0.52,131,0.06,0
701197233416,29285,Ssnng Chili Pwdr,,"Food,Grocery",2017-01-07T20:11:30Z,2017-01-07T20:11:30Z,MORTON & BASSETT,"Contains: Paprika,Cumin,Cayenne Pepper,Garlic,Parsley,Oregano and Black Pepper.",265,20,13.317,20,1.37,0,0,1109,0.9,38,729,125,1529,3.87,0.238,0.085,17.7,0,0.029,0.486,0.114,0.049,10,2.26,160,0.17,0.4
797776058938,29286,"Red Hots Cinnamon Flavored Candy, 6 Oz",,"Food,Grocery",2016-11-07T00:31:53Z,2016-11-07T00:31:53Z,Ferrara,"Sucrose,Corn Syrup,Artificial Flavor,Acacia (Gum Arabic),Confectioner's Glaze,Carnauba Wax*,Red 40,White Mineral Oil*. *Adds A Trivial Amount of Fat.",251,0.69,2.635,13.5,35.07,1.1,33.04,6,0.59,19,28,96,67,0.25,0.142,0.142,0.7,0,0.004,0.024,0.091,0.004,1,0,0,1.58,0
797776105243,29287,Pez Candy & Dispenser,,"Food,Grocery",2016-10-28T01:45:41Z,2016-10-28T01:45:41Z,Pez,"For Pez Candy (Except Chocolate),: Sugar,Corn Syrup,Adipic Acid,Hydrog. Palm Kernel & Palm Oils and Soybean Oil,Mono & Diglycerides,Natural & Artificial Flavors,Artificial Colors FD&C Red 3,Yellow 5,Yellow 6,Blue 2,Cola also Contains Sodium Bicarb.,Color. For Pez Chocolate Flavored Candy: Sugar,Corn Syrup,Hydrog. Palm Kernel & Palm Oils and Soybean Oil,Mono & Diglycerides,Artificial Flavor,Color.",482,0.68,19.446,21.47,75.42,1.2,58.01,5,0.63,17,28,90,123,0.23,0.135,0.14,1.3,0,0.004,0.027,0.084,0.004,1,0,0,0.41,0
797776105250,29288,"Rosenborg Crumbled Danish Blue Cheese, 5 Oz",Rosenborg,"Food,Fresh Food,Cheese,Grocery",2015-08-28T19:45:16Z,2016-10-05T16:56:49Z,Swiss American Inc,"Milk,Salt,Cheese Culture,Rennet,P. Roqueforti.",274,24.7,11.3,17.6,3.5,0,0.55,756,0.52,28,496,138,615,3.23,0.026,0.01,14.5,0,0.019,0.321,0.156,0.073,10,1.46,141,0.15,0.3
797776105267,29289,S WHITE CHE2.25OZ DDAR 2.25 OZ,SMARTFOOD,"Food & Grocery,Snacks,Popcorn,Food",2016-03-04T09:37:12Z,2017-07-28T13:24:52Z,Frito-Lay,"Popcorn,Vegetable Oil (Corn, Canola and/Or Sunflower Oil),Cheddar Cheese (Milk, Cheese Cultures, Salt, Enzymes),Whey,Buttermilk and Salt.",282,24.69,11.58,19.4,3.41,0,0.56,1146,0.13,35,583,93,776,4.3,0.021,0,15.5,0,0.03,0.3,0.06,0.084,20,1.66,155,0.17,0.4
797776105274,29290,"King's Hawaiian Original Hawaiian Sweet Rolls, 18 Count, 18 Oz",KING'S HAWAIIAN,"Fresh Food,Other Grocery,Food",2015-10-23T06:33:51Z,2016-06-13T04:09:24Z,King's Hawaiian Bakery,"Enriched Flour (Wheat Flour, Malted Barley Flour, Niacin, Reduced Iron, Thiamine Mononitrate, Riboflavin, Folic Acid),Water,Sugar,Liquid Sugar (Sugar, Water),Butter (Pasteurized Cream, Salt),Eggs,Contains Less Than 2% of Each of The Following: Potato Flour,Yeast,Whey,Nonfat Milk,Soy Flour,Salt,Degerminated Yellow Corn Flour,Wheat Gluten,Sodium Stearoyl Lactylate,Datem,Monocalcium Phosphate,Wheat Flour,Calcium Sulfate,Sodium Silicoaluminate,Ascorbic Acid Added As A Dough Conditioner,Ammonium Sulfate,Wheat Starch,Sorbitan Monostearate,Enzymes,Microcrystalline Cellulose,Calcium Silicate. Contains: Wheat,Milk,Eggs,Soy.",555,35.6,10.305,34.5,23.97,0,2.46,171,3.23,11,451,373,576,2.76,0.149,0.056,118,0,0.19,1.277,0.267,0.207,138,2.9,117,2.04,7.4
701197244948,29291,FUZE ICED TEA STRAWB2LT ERRY RED TEA-KO,Arizona,"Food & Grocery,Beverages,Tea,Food",2017-01-16T19:31:07Z,2017-07-30T04:39:30Z,The Coca-Cola Company,"Water,High Fructose Corn Syrup,Natural Flavors,Citric Acid,Sodium Hexametaphosphate (to protect taste),Phosphoric Acid,Red Rooibos Tea Powder,Potassium Sorbate and Sodium Benzoate (to protect Taste),Sucralose,Calcium Disodium EDTA (to protect taste),Vitamin B6 (Pyridoxine Hydrochloride),Red 40,Vitamin B12 (Cyanocobalamin),.",61,3.15,1.865,3.27,4.78,0,5.05,113,0.03,10,84,132,43,0.37,0.025,0.004,3.7,0,0.046,0.169,0.089,0.036,5,0.45,46,0.07,0.1
701197244955,29292,Hint of Salt Crackers 9.1 oz,Wheat Thins,"Food & Grocery,Snacks,Crackers,Food",2016-06-06T15:33:58Z,2017-07-28T13:24:43Z,Mondelez Global LLC,"Whole Grain Wheat Flour,Soybean Oil,Sugar,Cornstarch,Malt Syrup (from Corn and Barley),Invert Sugar,Salt,Vegetable Color (Annatto Extract, Turmeric Oleoresin),. BHT Added to Packaging Material to Preserve Freshness.",496,26.32,16.742,26.71,38.42,0,38.42,912,0.47,85,776,1330,371,3.34,0.08,0.04,16.3,8.6,0.283,1.205,0.646,0.302,37,3.25,258,0.58,0.5
797776236022,29293,Adobo Without Pepper,,"Food,Grocery",2016-11-05T09:11:40Z,2016-11-05T09:11:40Z,GOYA FOODS INC,"Salt,Granulated Garlic,Tricalcium Phosphate (Prevents Caking),Oregano,Turmeric.",135,6.81,4.591,7.56,10.04,0,10.04,261,0.19,24,203,303,106,0.77,0.016,0.006,2.3,1.9,0.047,0.316,0.194,0.05,8,0.16,65,0.16,0.1
797776236039,29294,"Great Value Extra Creamy Whipped Cream, 6.5 Oz",Great Value,"Other Grocery,Fresh Food,Food",2015-11-09T12:50:02Z,2016-06-13T03:49:21Z,"Wal-Mart Stores, Inc.","Heavy Cream,Sugar,Contains Less Than 1% of: Artificial Flavor,Mono And Diglycerides,Polysorbate 80,Carrageenan,Mixed Tocopherols (Vitamin E),to Protect Flavor,Propellant: Nitrous Oxide. Allergy Warning: Contains Milk.",240,17.6,8.85,14.1,10.6,0,8.02,529,0.2,33,829,330,1201,2.36,0.03,0,12.4,0,0.07,0.48,0.18,0.08,18,1.11,250,0.27,5.3
797776236046,29295,"Great Value Extra Creamy Whipped Cream, 13 Oz",Great Value,"Other Grocery,Fresh Food,Food",2015-11-09T12:50:27Z,2016-06-13T03:49:30Z,"Wal-Mart Stores, Inc.","Heavy Cream,Sugar,Contains Less Than 1% of: Artificial Flavor,Mono And Diglycerides,Polysorbate 80,Carrageenan,Mixed Tocopherols (Vitamin E),to Protect Flavor,Propellant: Nitrous Oxide. Allergy Warning: Contains Milk.",99,3.98,0.742,1.15,18.64,0,18.64,138,0.06,13,109,177,53,0.67,0.079,0.064,2.8,0.6,0.034,0.162,0.086,0.037,9,0.43,11,0.02,1.3
797776236053,29296,Artisana Nut Bttr Ccnut Raw Sqz Pk Org 1.06 Oz (pack of 10),Artisana,"Fresh Food,Food,Produce,Grocery",2015-09-13T03:52:03Z,2017-01-07T20:27:34Z,Artisana,"Organic Raw Coconut (100),.",102,4.37,0.697,1.08,19.05,0,19.05,152,0.07,15,119,195,58,0.74,0.08,0.065,3.1,0.7,0.037,0.178,0.095,0.04,9,0.47,10,0.02,1.3
9781944242404,29297,"SNICKERS Holiday Full Size Chocolate Bars Candy Tree, 1.1 oz",Snickers,"Food,Food Gifts,Other Grocery",2016-11-07T01:03:16Z,2017-09-12T19:59:24Z,MARS INCORPORATED,"MILK,CHOCOLATE (SUGAR,COCOA BUTTER,CHOCOLATE,SKIM MILK,LACTOSE,MILK FAT,SOY LECITHIN,ARTIFICIAL FLAVOR),PEANUTS,SUGAR,INVERT SUGAR,HYDROGENATED PALM KERNEL OIL AND/OR PALM OIL,CORN SYRUP,LESS THAN 2% - PALM OIL,BUTTER,MILKFAT,PARTIALLY HYDROGENATED SOYBEAN OIL,SALT,POTASSIUM SORBATE TO MAINTAIN FRESHNESS,ARTIFICIAL FLAVOR.,Milk Chocolate (Sugar, Cocoa Butter, Chocolate, Skim Milk, Lactose, Milkfat, Soy Lecithin, Artificial Flavor),Peanuts,Sugar,Invert Sugar,Hydrogenated Palm Kernel Oil and/or Palm Oil,Corn Syrup,Skim Milk,Less than 2% - Palm Oil,Butter,Milkfat,Partially Hydrogenated Soybean Oil,Salt,Soy Lecithin,Potassium Sorbate to Maintain Freshness,Artificial Flavor.",95,4.4,0.119,0.2,19,0,19,152,0.07,15,119,194,58,0.74,0.011,0.035,6,0.7,0.04,0.18,0.1,0.04,9,0.47,2,0.06,1.3
799439507906,29298,"Great Value Original Whipped Light Cream, 6.5 Oz",Great Value,"Other Grocery,Fresh Food,Food",2015-11-09T12:50:54Z,2016-06-13T03:49:34Z,"Wal-Mart Stores, Inc.","Cream,Milk,Sugar,Dextrose,Contains Less Than 1% of: Sorbitan Monostearate,Artificial Flavor,Carrageenan,Mixed Tocopherols (Vitamin E),to Protect Flavor,Propellant: Nitrous Oxide. Allergy Warning: Contains Milk.",105,4.86,0.909,1.41,18.6,0,2.9,152,0.07,16,133,194,58,0.82,0.08,0.065,3.1,0.7,0.041,0.18,0.105,0.045,10,0.52,131,0.06,1.3
799439507944,29299,Bear Creek Soup Mix,Bear Creek,"Grocery & Gourmet Food,Soups,Food",2016-11-11T09:22:16Z,2017-06-26T00:35:35Z,B & G FOODS INC.,"Enriched Egg Noodles (Wheat Flour, Eggs, Niacin, Reduced Iron, Thiamine Mononitrate, Riboflavin, Folic Acid),Sugar,Soy Sauce (Wheat, Soybeans, Salt),Modified Corn Starch,Chow Mein Flavor (Citric Acid, Roasted Sesame Oil, Onions),Salt,Partially Hydrogenated Soybean Oil,Bell Peppers,Mushrooms,Monosodium Glutamate,Malic Acid,Tofu (Soybean, Calcium Sulfate),Vinegar,Caramel (Color),Spices.",85,4.93,0.806,1.25,13.8,0,13.8,171,0.07,16,135,219,66,0.83,0.013,0.004,4.9,0.8,0.042,0.201,0.107,0.045,11,0.53,12,0.02,1.2
799439507920,29300,Gefilte Fish,Rokeach,"Fresh Food,Food,Fish,Grocery",2017-01-07T20:11:07Z,2017-01-07T20:11:07Z,Rokeach,"Water,Carp,Whitefish,Egg Whites,Sugar,Mullet,Matzo Meal (Passover Wheat Flour and Water),Onion,Salt,Pike,Monosodium Glutamate,Xanthan Gum,Carob Seed Gum,Pepper,Natural Flavorings.",43,3.86,0.116,0.18,7.5,0,7.5,143,0.12,13,109,177,59,0.67,0.079,0,3.1,1.1,0.034,0.162,0.086,0.037,8,0.43,2,0,1.2
799439507968,29301,Kellogg's174 Pop-Tarts174 Frosted Brown Sugar Cinnamon Pastries - 8ct,Pop-Tarts,"Food & Beverage,Breakfast & Cereal,Toaster Pastries,Food,Grocery & Gourmet Food,Breakfast Foods,Food & Grocery,Grocery",2015-08-24T21:43:04Z,2017-09-18T22:10:07Z,Pop-Tarts,"Enriched Flour (Wheat Flour, Niacin, Reduced Iron, Vitamin B1 [Thiamin Mononitrate] Vitamin B2 [Riboflavin], Folic Acid), Sugar, Soybean and Palm Oil (with TBHQ for Freshness), Corn Syrup, Dextrose, High Fructose Corn Syrup, Cracker Meal, Contains Two Percent or Less of Molasses, Salt, Calcium Carbonate, Leavening (Baking Soda, Sodium Acid Pyrophosphate, Monocalcium Phosphate), Cinnamon, Wheat Starch, Gelatin, Caramel Color, Soy Lecithin, Vitamin A Palmitate, Niacinamide, Reduced Iron, Vitamin B6 (Pyridoxine Hydrochloride), Vitamin B2 (Riboflavin), Vitamin B1 (Thiamin Hydrochloride).",112,3.53,0,0,23.53,1.2,14.97,88,0.42,40,166,339,135,1.13,0.209,0,7,0,0.047,0.215,0.223,0.047,12,0.5,0,0,1.2
799439507913,29302,Natco - Sarson Ka Saag - 800g,,"Grocery,Grocery & Gourmet Food,Canned & Jarred Food",2015-11-16T05:45:54Z,2016-08-26T18:07:59Z,Natco,"Mustard Leaves,Onion,Ginger,Garlic,Chillies,Salt,Cornflour and Vegetable Oil.",411,45.71,1.553,17.14,18.5,7.1,5.71,500,8.57,200,643,1129,329,7.14,1,0,33.8,30,0.714,0.857,10,1,0,3,750,7.07,5
799439507937,29303,Alaska Smokehouse Smoked Sockeye Fillet in Gift Box,Alaska Smokehouse,"Grocery & Gourmet Food,Food & Beverage Gifts,grocery",2014-12-04T10:56:02Z,2017-05-17T16:36:08Z,,"Salmon,Salt,Spices,Natural Alder Smoke.",396,50,1.087,12,22,2,4,1200,12,280,700,840,250,10,1.4,0,33.8,42,1,1.2,14,1.4,0,4.2,1050,9.45,7
799439507951,29304,"Marvel The Avengers Fruit Snacks, 8 oz",Kellogg's,"Food & Grocery,Snacks,Fruit Snacks,grocery,Food",2015-06-02T01:45:58Z,2017-07-28T13:24:45Z,,"Corn Syrup,Sugar,Apple Puree Concentrate,Water,Modified Cornstarch,Gelatin,Contains Two Percent Or Less of Citric Acid,Ascorbic Acid (Vitamin C),Natural And Artificial Flavors,Coconut Oil*,Carnauba Wax,Red #40,Yellow #5,Sodium Citrate,Blue #1. *Adds A Trivial Amount of Fat.",315,6.84,4.534,7.35,55.35,0,49.74,251,0.17,22,193,350,129,0.79,0.004,0.002,2.7,2.6,0.016,0.405,0.21,0.016,11,0.31,74,0.2,0.2
799439507975,29305,The Great San Saba River Pecan Company Apple Pecan Spread,The Great San Saba River Pecan Company,"Grocery & Gourmet Food,Food & Beverage Gifts,Food",2016-02-07T20:23:12Z,2017-06-08T19:55:32Z,ItemMaster,"Apples,Corn Syrup,Sugar,Pecans,Lemon Juice,Spices.",48,10,0,0,2,0,2,73,1.98,15,72,213,199,0.98,0.022,0.006,41.3,0.5,0.12,0.386,0.14,0.133,16,0.34,11,1.59,1.6
799439507982,29306,Byler's Homemade Amish Country Blueberry Jalapeno Jam 16oz,Byler's Relish House,"Grocery & Gourmet Food,Food & Beverage Gifts,Food",2016-05-16T05:50:21Z,2017-05-17T16:36:12Z,Byler's Relish House,"sugar,blueberries,jalapenos,water,fruit pectin,citric acid Volume: 1 PT. (16 Fl Oz.),(473ml),Fat Free,Sodium Free,50 calories per serving Daves Specialty Foods is a division of Daves Christmas Wonderland Olde World Market,a WNY tradition and world famous Christmas Store,based in Cheektowaga,NY and serving Buffalo and the WNY area for over 33 years. We are proud to share Buffalos rich ethnic heritage and traditions with our specialty food products.Closely guarded old family recipe Open kettle processing (made in small batches),for superior flavor Homemade in Saegertown,Pa in the heart of Amish country Reg. PA Department of Agriculture and FDA inspected This sweet fresh blueberry jam has a spicy jalapeno kick that will add more flavor than all your other spreads and jams Ingredients: sugar,blueberries,jalapenos,water,fruit pectin,citric acid Volume: 1 PT. (16 Fl Oz.),(473ml),Fat Free,Sodium Free,50 calories per serving Daves Specialty Foods is a division of Daves Christmas Wonderland Olde World Market,a WNY tradition and world famous Christmas Store,based in Cheektowaga,NY and serving Buffalo and the WNY area for over 33 years. We are proud to share Buffalos rich ethnic heritage and traditions with our specialty food products.",325,24.51,13.718,24.35,2.04,0,0.55,661,0.18,27,475,116,1808,3.28,0.027,0.018,22.4,0,0.038,0.23,0.083,0.091,0,1.7,226,0.49,1.8
799439727540,29307,Byler's Relish House Homemade Amish Country No Sugar Added Grape Jelly 16 oz.,Byler's Relish House,"Grocery & Gourmet Food,Food & Beverage Gifts,Food",2015-11-09T12:38:48Z,2017-05-17T16:36:12Z,Byler's Relish House,"grapes,white grape juice,water,sugar-free pectin,citric acidVolume: 1 PT. (16 Fl Oz.),(473ml),Fat Free,Sodium Free,No Sugar AddedDaves Specialty Foods is a division of Daves Christmas Wonderland & Olde World Market,a WNY tradition and world famous Christmas Store,based in Cheektowaga,NY and serving Buffalo and the WNY area for over 33 years. We are proud to share Buffalos rich ethnic heritage and traditions with our specialty food products.No Sugar Added Grape Fruit SpreadItem #DMG BYLERS 231Closely guarded old family recipeOpen kettle processing (made in small batches),for superior flavorHomemade in Saegertown,PA in the heart of Amish CountryReg. PA Department of Agriculture and FDA inspectedThis jelly is just as delicious as our regular flavor,but has 40% less sugar! Real fruit is blended with white grape juice to preserve tasteIngredients: grapes,white grape juice,water,sugar-free pectin,citric acidVolume: 1 PT. (16 Fl Oz.),(473ml),Fat Free,Sodium Free,No Sugar AddedDaves Specialty Foods is a division of Daves Christmas Wonderland & Olde World Market,a WNY tradition and world famous Christmas Store,based in Cheektowaga,NY and serving Buffalo and the WNY area for over 33 years. We are proud to share Buffalos rich ethnic heritage and traditions with our specialty food products.",299,18.09,12.94,23.82,2.98,0,2.32,566,0.2,24,385,129,751,2.58,0.033,0.014,19.3,0,0.042,0.173,0.027,0.076,7,1.68,224,0.37,2.7
797776089055,29308,"Kraft Mayonnaise, Real, 32 fl oz (1 qt) 946 ml",Hellmanns,"Food & Grocery,General Grocery,Mayonnaise",2015-11-30T21:46:21Z,2017-07-30T04:42:14Z,,"Soybean Oil,Water,Eggs,Egg Yolks,Vinegar,Contains Less than 2 of Sugar,Salt,Lemon Juice Concentrate,Calcium Disodium EDTA as a Preservative,Dried Garlic,Dried Onions,Spice,Natural Flavor.",310,20.38,13.661,24.31,2.53,0,1.76,690,0.18,29,467,126,704,3.06,0.025,0.021,13.8,0,0.048,0.23,0.035,0.086,0,1.75,157,0.47,0.7
799439727564,29309,"Snacks, Cheddar Cheese Cracker, 7 oz (198.5 g)",Combos,"Food & Grocery,Snacks,Crackers,grocery",2015-08-24T21:44:05Z,2017-07-28T13:24:45Z,,"Wheat Flour,Vegetable Oil (Palm Kernel Oil, Palm Oil, Corn Oil, and/or Hydrogenated Palm Oil),Whey,Maltodextrin,Sugar,Food Starch-Modified,Salt,Less than 1.5 - Bakers and Cheddar Cheese (Milk, Cultures, Salt, Enzymes),Leavening (Baking, Soda, Sodium Acid Pyrophosphate),Dextrose,High Fructose Corn Syrup,Soy Lecithin,Coloring (Yellow 5 Lake, Yellow 6 Lake, Blue 1 Lake),Natural Flavors,Hydrolyzed Corn Gluten,Lactic Acid,Yeast Extract,Lactose,Buttermilk Citric Acid.",62,3.21,1.899,3.31,4.88,0,4.88,115,0.03,10,85,135,105,0.38,0.025,0.004,3.7,0,0.047,0.172,0.09,0.036,5,0.46,47,0.07,1.3
799439643598,29310,Badia Curry Powder Jamaican Style -- 16 oz,Badia,"Curry Powder,Food,Grocery",2017-01-09T20:06:21Z,2017-07-31T08:06:02Z,Badia,"Spices Including Turmeric,Salt,Dehydrated Onion.",86,4.93,0.752,1.25,13.8,0,5.43,171,0.07,16,135,219,66,0.83,0.013,0.004,4.9,0.8,0.042,0.201,0.107,0.045,11,0.53,12,0.02,0
799439643604,29311,"Mccormick Paprika, 18-Ounce",McCormick,"Paprika,grocery,Food",2015-05-25T12:54:01Z,2017-07-31T08:06:10Z,McCormick,"Paprika,and Silicon Dioxide! (Added to Make Free Flowing),.",104,4.4,0.488,0.8,19.7,2,12.61,159,0.04,40,129,339,81,0.49,0.203,0,2.8,0.7,0.04,0.18,0.2,0.04,12,0.49,2,0.08,0
